"46248da43b046613548847ea0731f79f"," 2019108***","MORADIA F3","M","27","Negra","Guiné Bissau","ENFERMAGEM","G","Presencial","Ceará","SELEÇÃO DE ESTUDANTES ESTRANGEIROS","2019","ATIVO"
"46248da43b046613548847ea0731f79f"," 2019108***","ALIMENTAÇÃO","M","27","Negra","Guiné Bissau","ENFERMAGEM","G","Presencial","Ceará","SELEÇÃO DE ESTUDANTES ESTRANGEIROS","2019","ATIVO"
"cce7fbec87d356ef57d6a7874f8002d6"," 2019108***","ALIMENTAÇÃO","F","23","Negra","Guiné Bissau","HUMANIDADES","G","Presencial","Bahia","SELEÇÃO DE ESTUDANTES ESTRANGEIROS","2019","ATIVO"
"cce7fbec87d356ef57d6a7874f8002d6"," 2019108***","MORADIA F3","F","23","Negra","Guiné Bissau","HUMANIDADES","G","Presencial","Bahia","SELEÇÃO DE ESTUDANTES ESTRANGEIROS","2019","ATIVO"
"b4cfa7e138a9086f58b4a2902323149d"," 2019108***","MORADIA F3","M","28","Negra","Guiné Bissau","ENGENHARIA DA COMPUTAÇÃO","G","Presencial","Ceará","SELEÇÃO DE ESTUDANTES ESTRANGEIROS","2019","ATIVO"
"b4cfa7e138a9086f58b4a2902323149d"," 2019108***","ALIMENTAÇÃO","M","28","Negra","Guiné Bissau","ENGENHARIA DA COMPUTAÇÃO","G","Presencial","Ceará","SELEÇÃO DE ESTUDANTES ESTRANGEIROS","2019","ATIVO"
"df73bf79ecbdd1bbd9c7a17315b63e44"," 2019108***","ALIMENTAÇÃO","M","25","Negra","Guiné Bissau","LETRAS -  LÍNGUA PORTUGUESA","G","Presencial","Ceará","SELEÇÃO DE ESTUDANTES ESTRANGEIROS","2019","ATIVO"
"df73bf79ecbdd1bbd9c7a17315b63e44"," 2019108***","MORADIA F3","M","25","Negra","Guiné Bissau","LETRAS -  LÍNGUA PORTUGUESA","G","Presencial","Ceará","SELEÇÃO DE ESTUDANTES ESTRANGEIROS","2019","ATIVO"
"4bf271f97380498a5c40078aa2562c3d"," 2019108***","ALIMENTAÇÃO","M","21","Negra","Moçambique","ENGENHARIA DA COMPUTAÇÃO","G","Presencial","Ceará","SELEÇÃO DE ESTUDANTES ESTRANGEIROS","2019","ATIVO"
"4bf271f97380498a5c40078aa2562c3d"," 2019108***","MORADIA F3","M","21","Negra","Moçambique","ENGENHARIA DA COMPUTAÇÃO","G","Presencial","Ceará","SELEÇÃO DE ESTUDANTES ESTRANGEIROS","2019","ATIVO"
"48a1b6a2d3a731597b34c78a32375c42"," 2019108***","MORADIA F3","F","22","Negra","Guiné Bissau","HUMANIDADES","G","Presencial","Bahia","SELEÇÃO DE ESTUDANTES ESTRANGEIROS","2019","ATIVO"
"48a1b6a2d3a731597b34c78a32375c42"," 2019108***","ALIMENTAÇÃO","F","22","Negra","Guiné Bissau","HUMANIDADES","G","Presencial","Bahia","SELEÇÃO DE ESTUDANTES ESTRANGEIROS","2019","ATIVO"
"12f91e2d1e5076b9633975030eedf6fd"," 2019108***","MORADIA F3","M","23","Negra","Angola","AGRONOMIA","G","Presencial","Ceará","SELEÇÃO DE ESTUDANTES ESTRANGEIROS","2019","ATIVO"
"12f91e2d1e5076b9633975030eedf6fd"," 2019108***","ALIMENTAÇÃO","M","23","Negra","Angola","AGRONOMIA","G","Presencial","Ceará","SELEÇÃO DE ESTUDANTES ESTRANGEIROS","2019","ATIVO"
"c1832517c09354cd34eb62b2677d2e57"," 2019108***","ALIMENTAÇÃO","M","25","Negra","Angola","LETRAS -  LÍNGUA PORTUGUESA","G","Presencial","Ceará","SELEÇÃO DE ESTUDANTES ESTRANGEIROS","2019","ATIVO"
"c1832517c09354cd34eb62b2677d2e57"," 2019108***","MORADIA F3","M","25","Negra","Angola","LETRAS -  LÍNGUA PORTUGUESA","G","Presencial","Ceará","SELEÇÃO DE ESTUDANTES ESTRANGEIROS","2019","ATIVO"
"2b14a272707fa12746c69c19758100bc"," 2019108***","MORADIA F3","F","22","Negra","Guiné Bissau","ENFERMAGEM","G","Presencial","Ceará","SELEÇÃO DE ESTUDANTES ESTRANGEIROS","2019","ATIVO"
"2b14a272707fa12746c69c19758100bc"," 2019108***","ALIMENTAÇÃO","F","22","Negra","Guiné Bissau","ENFERMAGEM","G","Presencial","Ceará","SELEÇÃO DE ESTUDANTES ESTRANGEIROS","2019","ATIVO"
"0564add6d03d91eba1b828fd3bc1bcc5"," 2019108***","MORADIA F3","M","22","Negra","Angola","LETRAS -  LÍNGUA PORTUGUESA","G","Presencial","Ceará","SELEÇÃO DE ESTUDANTES ESTRANGEIROS","2019","ATIVO"
"0564add6d03d91eba1b828fd3bc1bcc5"," 2019108***","ALIMENTAÇÃO","M","22","Negra","Angola","LETRAS -  LÍNGUA PORTUGUESA","G","Presencial","Ceará","SELEÇÃO DE ESTUDANTES ESTRANGEIROS","2019","ATIVO"
"b680e7bf38141ca94e8b51a8e7d346d9"," 2019108***","MORADIA F3","M","26","Negra","Guiné Bissau","LETRAS -  LÍNGUA PORTUGUESA","G","Presencial","Ceará","SELEÇÃO DE ESTUDANTES ESTRANGEIROS","2019","ATIVO"
"b680e7bf38141ca94e8b51a8e7d346d9"," 2019108***","ALIMENTAÇÃO","M","26","Negra","Guiné Bissau","LETRAS -  LÍNGUA PORTUGUESA","G","Presencial","Ceará","SELEÇÃO DE ESTUDANTES ESTRANGEIROS","2019","ATIVO"
"7eed7fef8d56dee15c9949fe5e39e521"," 2019108***","MORADIA F3","F","23","Negra","Guiné Bissau","LETRAS - LÍNGUA PORTUGUESA","G","Presencial","Bahia","SELEÇÃO DE ESTUDANTES ESTRANGEIROS","2019","ATIVO"
"7eed7fef8d56dee15c9949fe5e39e521"," 2019108***","ALIMENTAÇÃO","F","23","Negra","Guiné Bissau","LETRAS - LÍNGUA PORTUGUESA","G","Presencial","Bahia","SELEÇÃO DE ESTUDANTES ESTRANGEIROS","2019","ATIVO"
"89e523e68363c49919c245856a052c5a"," 2019108***","MORADIA F3","M","28","Negra","Guiné Bissau","AGRONOMIA","G","Presencial","Ceará","SELEÇÃO DE ESTUDANTES ESTRANGEIROS","2019","ATIVO"
"89e523e68363c49919c245856a052c5a"," 2019108***","ALIMENTAÇÃO","M","28","Negra","Guiné Bissau","AGRONOMIA","G","Presencial","Ceará","SELEÇÃO DE ESTUDANTES ESTRANGEIROS","2019","ATIVO"
"b48f54421dbf11eeb9836f82e7ca6c08"," 2019108***","MORADIA F3","F","20","Negra","Angola","CIÊNCIAS BIOLÓGICAS","G","Presencial","Ceará","SELEÇÃO DE ESTUDANTES ESTRANGEIROS","2019","ATIVO"
"b48f54421dbf11eeb9836f82e7ca6c08"," 2019108***","ALIMENTAÇÃO","F","20","Negra","Angola","CIÊNCIAS BIOLÓGICAS","G","Presencial","Ceará","SELEÇÃO DE ESTUDANTES ESTRANGEIROS","2019","ATIVO"
"99aa73c35ed367375727478afc4978b6"," 2019108***","MORADIA F3","F","22","Negra","Guiné Bissau","CIÊNCIAS BIOLÓGICAS","G","Presencial","Ceará","SELEÇÃO DE ESTUDANTES ESTRANGEIROS","2019","ATIVO"
"99aa73c35ed367375727478afc4978b6"," 2019108***","ALIMENTAÇÃO","F","22","Negra","Guiné Bissau","CIÊNCIAS BIOLÓGICAS","G","Presencial","Ceará","SELEÇÃO DE ESTUDANTES ESTRANGEIROS","2019","ATIVO"
"f4db6d8190e0267b3ab427ce432ad2f5"," 2019108***","MORADIA F3","F","21","Negra","Moçambique","AGRONOMIA","G","Presencial","Ceará","SELEÇÃO DE ESTUDANTES ESTRANGEIROS","2019","ATIVO"
"f4db6d8190e0267b3ab427ce432ad2f5"," 2019108***","ALIMENTAÇÃO","F","21","Negra","Moçambique","AGRONOMIA","G","Presencial","Ceará","SELEÇÃO DE ESTUDANTES ESTRANGEIROS","2019","ATIVO"
"ffc54d4e220aa80d35f52b9bde445fe2"," 2019108***","ALIMENTAÇÃO","M","20","Negra","Guiné Bissau","QUIMÍCA","G","Presencial","Ceará","SELEÇÃO DE ESTUDANTES ESTRANGEIROS","2019","ATIVO"
"ffc54d4e220aa80d35f52b9bde445fe2"," 2019108***","MORADIA F3","M","20","Negra","Guiné Bissau","QUIMÍCA","G","Presencial","Ceará","SELEÇÃO DE ESTUDANTES ESTRANGEIROS","2019","ATIVO"
"9d45b230f8f8df370292cdcb7fcd5112"," 2019108***","ALIMENTAÇÃO","M","26","Negra","Guiné Bissau","QUIMÍCA","G","Presencial","Ceará","SELEÇÃO DE ESTUDANTES ESTRANGEIROS","2019","ATIVO"
"9d45b230f8f8df370292cdcb7fcd5112"," 2019108***","MORADIA F3","M","26","Negra","Guiné Bissau","QUIMÍCA","G","Presencial","Ceará","SELEÇÃO DE ESTUDANTES ESTRANGEIROS","2019","ATIVO"
"eeb4daed1bb942dc0c2384b974f89bba"," 2019108***","ALIMENTAÇÃO","M","31","Negra","Guiné Bissau","QUIMÍCA","G","Presencial","Ceará","SELEÇÃO DE ESTUDANTES ESTRANGEIROS","2019","ATIVO"
"eeb4daed1bb942dc0c2384b974f89bba"," 2019108***","MORADIA F3","M","31","Negra","Guiné Bissau","QUIMÍCA","G","Presencial","Ceará","SELEÇÃO DE ESTUDANTES ESTRANGEIROS","2019","ATIVO"
"a4663a295a1331c36d9a74df828acf2f"," 2019108***","ALIMENTAÇÃO","M","26","Negra","Guiné Bissau","QUIMÍCA","G","Presencial","Ceará","SELEÇÃO DE ESTUDANTES ESTRANGEIROS","2019","ATIVO"
"a4663a295a1331c36d9a74df828acf2f"," 2019108***","MORADIA F3","M","26","Negra","Guiné Bissau","QUIMÍCA","G","Presencial","Ceará","SELEÇÃO DE ESTUDANTES ESTRANGEIROS","2019","ATIVO"
"e241fb4772f75430e4bdd17bedfb0fe0"," 2019108***","ALIMENTAÇÃO","F","22","Negra","Guiné Bissau","QUIMÍCA","G","Presencial","Ceará","SELEÇÃO DE ESTUDANTES ESTRANGEIROS","2019","ATIVO"
"e241fb4772f75430e4bdd17bedfb0fe0"," 2019108***","MORADIA F3","F","22","Negra","Guiné Bissau","QUIMÍCA","G","Presencial","Ceará","SELEÇÃO DE ESTUDANTES ESTRANGEIROS","2019","ATIVO"
"ee43084ee8fb841832d4643dba291039"," 2019108***","MORADIA F3","M","22","Negra","Guiné Bissau","CIÊNCIAS BIOLÓGICAS","G","Presencial","Ceará","SELEÇÃO DE ESTUDANTES ESTRANGEIROS","2019","ATIVO"
"ee43084ee8fb841832d4643dba291039"," 2019108***","ALIMENTAÇÃO","M","22","Negra","Guiné Bissau","CIÊNCIAS BIOLÓGICAS","G","Presencial","Ceará","SELEÇÃO DE ESTUDANTES ESTRANGEIROS","2019","ATIVO"
"95bf5102bb7f1e4550538a41cd67f462"," 2019108***","MORADIA F3","F","23","Negra","Angola","HUMANIDADES","G","Presencial","Bahia","SELEÇÃO DE ESTUDANTES ESTRANGEIROS","2019","ATIVO"
"95bf5102bb7f1e4550538a41cd67f462"," 2019108***","ALIMENTAÇÃO","F","23","Negra","Angola","HUMANIDADES","G","Presencial","Bahia","SELEÇÃO DE ESTUDANTES ESTRANGEIROS","2019","ATIVO"
"3be9afd1b99ac36b64c25100ae01fae8"," 2019108***","ALIMENTAÇÃO","F","25","Negra","Angola","HUMANIDADES","G","Presencial","Bahia","SELEÇÃO DE ESTUDANTES ESTRANGEIROS","2019","ATIVO"
"3be9afd1b99ac36b64c25100ae01fae8"," 2019108***","MORADIA F3","F","25","Negra","Angola","HUMANIDADES","G","Presencial","Bahia","SELEÇÃO DE ESTUDANTES ESTRANGEIROS","2019","ATIVO"
"9a6a8843d6e3eaba7e28c41cebfa5ebf"," 2019108***","MORADIA F3","M","25","Negra","Angola","QUIMÍCA","G","Presencial","Ceará","SELEÇÃO DE ESTUDANTES ESTRANGEIROS","2019","ATIVO"
"9a6a8843d6e3eaba7e28c41cebfa5ebf"," 2019108***","ALIMENTAÇÃO","M","25","Negra","Angola","QUIMÍCA","G","Presencial","Ceará","SELEÇÃO DE ESTUDANTES ESTRANGEIROS","2019","ATIVO"
"e5133e1b0a4751276fad8aa04b7a0401"," 2019108***","ALIMENTAÇÃO","M","23","Negra","Angola","CIÊNCIAS BIOLÓGICAS","G","Presencial","Ceará","SELEÇÃO DE ESTUDANTES ESTRANGEIROS","2019","ATIVO"
"e5133e1b0a4751276fad8aa04b7a0401"," 2019108***","MORADIA F3","M","23","Negra","Angola","CIÊNCIAS BIOLÓGICAS","G","Presencial","Ceará","SELEÇÃO DE ESTUDANTES ESTRANGEIROS","2019","ATIVO"
"8b05d140966d8ca4bef8f28cfe8ea431"," 2019108***","MORADIA F3","F","26","Negra","Guiné Bissau","CIÊNCIAS BIOLÓGICAS","G","Presencial","Ceará","SELEÇÃO DE ESTUDANTES ESTRANGEIROS","2019","ATIVO"
"8b05d140966d8ca4bef8f28cfe8ea431"," 2019108***","ALIMENTAÇÃO","F","26","Negra","Guiné Bissau","CIÊNCIAS BIOLÓGICAS","G","Presencial","Ceará","SELEÇÃO DE ESTUDANTES ESTRANGEIROS","2019","ATIVO"
"dd2c8c25bb0ac6dd4885e7025a440f3f"," 2019108***","ALIMENTAÇÃO","F","22","Negra","Guiné Bissau","CIÊNCIAS BIOLÓGICAS","G","Presencial","Ceará","SELEÇÃO DE ESTUDANTES ESTRANGEIROS","2019","ATIVO"
"dd2c8c25bb0ac6dd4885e7025a440f3f"," 2019108***","MORADIA F3","F","22","Negra","Guiné Bissau","CIÊNCIAS BIOLÓGICAS","G","Presencial","Ceará","SELEÇÃO DE ESTUDANTES ESTRANGEIROS","2019","ATIVO"
"61fec5e3bfbb9b9e2666e157da187dc9"," 2019108***","ALIMENTAÇÃO","M","28","Negra","Angola","QUIMÍCA","G","Presencial","Ceará","SELEÇÃO DE ESTUDANTES ESTRANGEIROS","2019","ATIVO"
"61fec5e3bfbb9b9e2666e157da187dc9"," 2019108***","MORADIA F3","M","28","Negra","Angola","QUIMÍCA","G","Presencial","Ceará","SELEÇÃO DE ESTUDANTES ESTRANGEIROS","2019","ATIVO"
"7f99b5cdba82d4bd746de65d9b3d7c08"," 2019108***","MORADIA F3","F","25","Negra","Angola","CIÊNCIAS BIOLÓGICAS","G","Presencial","Ceará","SELEÇÃO DE ESTUDANTES ESTRANGEIROS","2019","ATIVO"
"7f99b5cdba82d4bd746de65d9b3d7c08"," 2019108***","ALIMENTAÇÃO","F","25","Negra","Angola","CIÊNCIAS BIOLÓGICAS","G","Presencial","Ceará","SELEÇÃO DE ESTUDANTES ESTRANGEIROS","2019","ATIVO"
"2951d5ded0eeee655484a0dc256d6bc8"," 2019108***","ALIMENTAÇÃO","F","25","Negra","Guiné Bissau","HUMANIDADES","G","Presencial","Bahia","SELEÇÃO DE ESTUDANTES ESTRANGEIROS","2019","ATIVO"
"2951d5ded0eeee655484a0dc256d6bc8"," 2019108***","MORADIA F3","F","25","Negra","Guiné Bissau","HUMANIDADES","G","Presencial","Bahia","SELEÇÃO DE ESTUDANTES ESTRANGEIROS","2019","ATIVO"
"384aa561572fdb2159cdd3a50fb95df1"," 2019108***","MORADIA F3","M","31","Negra","Guiné Bissau","MATEMÁTICA","G","Presencial","Ceará","SELEÇÃO DE ESTUDANTES ESTRANGEIROS","2019","ATIVO"
"384aa561572fdb2159cdd3a50fb95df1"," 2019108***","ALIMENTAÇÃO","M","31","Negra","Guiné Bissau","MATEMÁTICA","G","Presencial","Ceará","SELEÇÃO DE ESTUDANTES ESTRANGEIROS","2019","ATIVO"
"601561c133da30e4d642ad4be87c4a7e"," 2019108***","ALIMENTAÇÃO","M","32","Negra","Guiné Bissau","FÍSICA","G","Presencial","Ceará","SELEÇÃO DE ESTUDANTES ESTRANGEIROS","2019","ATIVO"
"601561c133da30e4d642ad4be87c4a7e"," 2019108***","MORADIA F3","M","32","Negra","Guiné Bissau","FÍSICA","G","Presencial","Ceará","SELEÇÃO DE ESTUDANTES ESTRANGEIROS","2019","ATIVO"
"d3bc6c88681595573bf23f3e00533754"," 2019108***","ALIMENTAÇÃO","M","25","Negra","Guiné Bissau","MATEMÁTICA","G","Presencial","Ceará","SELEÇÃO DE ESTUDANTES ESTRANGEIROS","2019","ATIVO"
"d3bc6c88681595573bf23f3e00533754"," 2019108***","MORADIA F3","M","25","Negra","Guiné Bissau","MATEMÁTICA","G","Presencial","Ceará","SELEÇÃO DE ESTUDANTES ESTRANGEIROS","2019","ATIVO"
"3a314b6f0e90d85514fd0eff24958414"," 2019108***","ALIMENTAÇÃO","M","25","Negra","Guiné Bissau","FÍSICA","G","Presencial","Ceará","SELEÇÃO DE ESTUDANTES ESTRANGEIROS","2019","ATIVO"
"3a314b6f0e90d85514fd0eff24958414"," 2019108***","MORADIA F3","M","25","Negra","Guiné Bissau","FÍSICA","G","Presencial","Ceará","SELEÇÃO DE ESTUDANTES ESTRANGEIROS","2019","ATIVO"
"d92670c2971472a2a4ae6bcd7a1f93dd"," 2019108***","MORADIA F3","M","23","Negra","Guiné Bissau","MATEMÁTICA","G","Presencial","Ceará","SELEÇÃO DE ESTUDANTES ESTRANGEIROS","2019","ATIVO"
"d92670c2971472a2a4ae6bcd7a1f93dd"," 2019108***","ALIMENTAÇÃO","M","23","Negra","Guiné Bissau","MATEMÁTICA","G","Presencial","Ceará","SELEÇÃO DE ESTUDANTES ESTRANGEIROS","2019","ATIVO"
"b1874ace5e89d77e04328462e20915c3"," 2019108***","ALIMENTAÇÃO","M","32","Negra","Guiné Bissau","MATEMÁTICA","G","Presencial","Ceará","SELEÇÃO DE ESTUDANTES ESTRANGEIROS","2019","ATIVO"
"b1874ace5e89d77e04328462e20915c3"," 2019108***","MORADIA F3","M","32","Negra","Guiné Bissau","MATEMÁTICA","G","Presencial","Ceará","SELEÇÃO DE ESTUDANTES ESTRANGEIROS","2019","ATIVO"
"4e5f8849650d30413bad71701576ac9b"," 2019108***","ALIMENTAÇÃO","M","25","Negra","Guiné Bissau","FÍSICA","G","Presencial","Ceará","SELEÇÃO DE ESTUDANTES ESTRANGEIROS","2019","ATIVO"
"4e5f8849650d30413bad71701576ac9b"," 2019108***","MORADIA F3","M","25","Negra","Guiné Bissau","FÍSICA","G","Presencial","Ceará","SELEÇÃO DE ESTUDANTES ESTRANGEIROS","2019","ATIVO"
"a1cdc072ec0b2fa4421f366854f93ffd"," 2019108***","ALIMENTAÇÃO","M","24","Negra","Angola","FÍSICA","G","Presencial","Ceará","SELEÇÃO DE ESTUDANTES ESTRANGEIROS","2019","ATIVO"
"a1cdc072ec0b2fa4421f366854f93ffd"," 2019108***","MORADIA F3","M","24","Negra","Angola","FÍSICA","G","Presencial","Ceará","SELEÇÃO DE ESTUDANTES ESTRANGEIROS","2019","ATIVO"
"5135044a48734c93bad54fe84b3f8c37"," 2019108***","MORADIA F3","M","23","Negra","Angola","FÍSICA","G","Presencial","Ceará","SELEÇÃO DE ESTUDANTES ESTRANGEIROS","2019","ATIVO"
"5135044a48734c93bad54fe84b3f8c37"," 2019108***","ALIMENTAÇÃO","M","23","Negra","Angola","FÍSICA","G","Presencial","Ceará","SELEÇÃO DE ESTUDANTES ESTRANGEIROS","2019","ATIVO"
"144e820a180e4e41fb5cfa4f12b79c2b"," 2019108***","ALIMENTAÇÃO","M","22","Negra","Angola","FÍSICA","G","Presencial","Ceará","SELEÇÃO DE ESTUDANTES ESTRANGEIROS","2019","ATIVO"
"144e820a180e4e41fb5cfa4f12b79c2b"," 2019108***","MORADIA F3","M","22","Negra","Angola","FÍSICA","G","Presencial","Ceará","SELEÇÃO DE ESTUDANTES ESTRANGEIROS","2019","ATIVO"
"8106d4426db80cb6a002f848bac680e3"," 2019108***","MORADIA F3","M","35","Negra","Guiné Bissau","MATEMÁTICA","G","Presencial","Ceará","SELEÇÃO DE ESTUDANTES ESTRANGEIROS","2019","ATIVO"
"8106d4426db80cb6a002f848bac680e3"," 2019108***","ALIMENTAÇÃO","M","35","Negra","Guiné Bissau","MATEMÁTICA","G","Presencial","Ceará","SELEÇÃO DE ESTUDANTES ESTRANGEIROS","2019","ATIVO"
"0f335b7d8f074ce041346b7f3fc8c461"," 2019108***","ALIMENTAÇÃO","M","23","Negra","Guiné Bissau","FÍSICA","G","Presencial","Ceará","SELEÇÃO DE ESTUDANTES ESTRANGEIROS","2019","ATIVO"
"0f335b7d8f074ce041346b7f3fc8c461"," 2019108***","MORADIA F3","M","23","Negra","Guiné Bissau","FÍSICA","G","Presencial","Ceará","SELEÇÃO DE ESTUDANTES ESTRANGEIROS","2019","ATIVO"
"1c231811f3121a05ad1f37ebacbcf6e4"," 2019200***","TRANSPORTE F4","M","21","Negra","Brasil","HUMANIDADES","G","Presencial","Bahia","SiSU","2019","ATIVO"
"1c231811f3121a05ad1f37ebacbcf6e4"," 2019200***","ALIMENTAÇÃO","M","21","Negra","Brasil","HUMANIDADES","G","Presencial","Bahia","SiSU","2019","ATIVO"
"b650dc36baae1f8a74f5d760f40d7905"," 2019200***","SOCIAL","F","41","Negra","Brasil","HUMANIDADES","G","Presencial","Bahia","SiSU","2019","ATIVO"
"74f7b4b4ec628bb1ab712f4935e650e9"," 2019200***","SOCIAL","F","48","Não declarada","Brasil","HUMANIDADES","G","Presencial","Bahia","SiSU","2019","ATIVO"
"850c4215a96a8bea6f63db0a715eb256"," 2019200***","MORADIA F3","F","26","Negra","Brasil","HUMANIDADES","G","Presencial","Bahia","SiSU","2019","ATIVO"
"850c4215a96a8bea6f63db0a715eb256"," 2019200***","ALIMENTAÇÃO","F","26","Negra","Brasil","HUMANIDADES","G","Presencial","Bahia","SiSU","2019","ATIVO"
"cf89dc1785aa3b544bc236001a6ab616"," 2019200***","MORADIA F3","F","26","Negra","Brasil","LETRAS - LÍNGUA PORTUGUESA","G","Presencial","Bahia","SiSU","2019","ATIVO"
"cf89dc1785aa3b544bc236001a6ab616"," 2019200***","ALIMENTAÇÃO","F","26","Negra","Brasil","LETRAS - LÍNGUA PORTUGUESA","G","Presencial","Bahia","SiSU","2019","ATIVO"
"b85ec593112aac0825a21c35682765e1"," 2019200***","TRANSPORTE F2","F","21","Negra","Brasil","HUMANIDADES","G","Presencial","Bahia","SiSU","2019","ATIVO"
"b85ec593112aac0825a21c35682765e1"," 2019200***","ALIMENTAÇÃO","F","21","Negra","Brasil","HUMANIDADES","G","Presencial","Bahia","SiSU","2019","ATIVO"
"3861198ef0c81a32195fb75c3b813b13"," 2019200***","MORADIA F3","F","20","Negra","Brasil","HUMANIDADES","G","Presencial","Bahia","SiSU","2019","ATIVO"
"3861198ef0c81a32195fb75c3b813b13"," 2019200***","ALIMENTAÇÃO","F","20","Negra","Brasil","HUMANIDADES","G","Presencial","Bahia","SiSU","2019","ATIVO"
"d3ad282b87deed269d6d61554350ab1a"," 2019200***","TRANSPORTE F4","F","20","Negra","Brasil","LETRAS - LÍNGUA PORTUGUESA","G","Presencial","Bahia","SiSU","2019","ATIVO"
"6b21d63798481e9707397742437eb5fa"," 2019200***","SOCIAL","F","19","Negra","Brasil","CIÊNCIAS SOCIAIS","G","Presencial","Bahia","SELEÇÃO DE ALUNOS QUILOMBOLAS OU INDÍGENAS","2019","ATIVO"
"0ca2f82a8986894faec4526f61cc5f70"," 2019200***","ALIMENTAÇÃO","M","27","Negra","Angola","CIÊNCIAS SOCIAIS","G","Presencial","Bahia","REINGRESSO SEGUNDO CICLO","2019","ATIVO"
"0ca2f82a8986894faec4526f61cc5f70"," 2019200***","MORADIA F3","M","27","Negra","Angola","CIÊNCIAS SOCIAIS","G","Presencial","Bahia","REINGRESSO SEGUNDO CICLO","2019","ATIVO"
"354cd034a331f24dd1941ee6e2f8c4d4"," 2019200***","MORADIA F3","F","23","Negra","Angola","PEDAGOGIA","G","Presencial","Bahia","REINGRESSO SEGUNDO CICLO","2019","ATIVO"
"354cd034a331f24dd1941ee6e2f8c4d4"," 2019200***","ALIMENTAÇÃO","F","23","Negra","Angola","PEDAGOGIA","G","Presencial","Bahia","REINGRESSO SEGUNDO CICLO","2019","ATIVO"
"8300ed0d19ada19aa6cd50fa6925c4e9"," 2019201***","MORADIA F3","F","24","Negra","Angola","RELAÇÕES INTERNACIONAIS","G","Presencial","Bahia","REINGRESSO SEGUNDO CICLO","2019","ATIVO"
"8300ed0d19ada19aa6cd50fa6925c4e9"," 2019201***","ALIMENTAÇÃO","F","24","Negra","Angola","RELAÇÕES INTERNACIONAIS","G","Presencial","Bahia","REINGRESSO SEGUNDO CICLO","2019","ATIVO"
"14d88a907dd4f11f890cfc251b0c3aec"," 2019201***","ALIMENTAÇÃO","M","25","Negra","Guiné Bissau","RELAÇÕES INTERNACIONAIS","G","Presencial","Bahia","REINGRESSO SEGUNDO CICLO","2019","ATIVO"
"14d88a907dd4f11f890cfc251b0c3aec"," 2019201***","MORADIA F3","M","25","Negra","Guiné Bissau","RELAÇÕES INTERNACIONAIS","G","Presencial","Bahia","REINGRESSO SEGUNDO CICLO","2019","ATIVO"
"27caa16120631963974dbc867fadc451"," 2019201***","ALIMENTAÇÃO","F","26","Negra","Guiné Bissau","RELAÇÕES INTERNACIONAIS","G","Presencial","Bahia","REINGRESSO SEGUNDO CICLO","2019","ATIVO"
"27caa16120631963974dbc867fadc451"," 2019201***","MORADIA F3","F","26","Negra","Guiné Bissau","RELAÇÕES INTERNACIONAIS","G","Presencial","Bahia","REINGRESSO SEGUNDO CICLO","2019","ATIVO"
"bb632fb6143f143dea6f50a62c320cd2"," 2019201***","MORADIA F3","F","24","Negra","Angola","RELAÇÕES INTERNACIONAIS","G","Presencial","Bahia","REINGRESSO SEGUNDO CICLO","2019","ATIVO"
"bb632fb6143f143dea6f50a62c320cd2"," 2019201***","ALIMENTAÇÃO","F","24","Negra","Angola","RELAÇÕES INTERNACIONAIS","G","Presencial","Bahia","REINGRESSO SEGUNDO CICLO","2019","ATIVO"
"32930e3d5fe1977add1039117965b0ff"," 2019201***","MORADIA F3","M","25","Negra","Guiné Bissau","CIÊNCIAS SOCIAIS","G","Presencial","Bahia","REINGRESSO SEGUNDO CICLO","2019","ATIVO"
"32930e3d5fe1977add1039117965b0ff"," 2019201***","ALIMENTAÇÃO","M","25","Negra","Guiné Bissau","CIÊNCIAS SOCIAIS","G","Presencial","Bahia","REINGRESSO SEGUNDO CICLO","2019","ATIVO"
"c73ab7f338dd71ff9236041539128ce0"," 2019201***","ALIMENTAÇÃO","F","27","Negra","Guiné Bissau","CIÊNCIAS SOCIAIS","G","Presencial","Bahia","REINGRESSO SEGUNDO CICLO","2019","ATIVO"
"c73ab7f338dd71ff9236041539128ce0"," 2019201***","MORADIA F3","F","27","Negra","Guiné Bissau","CIÊNCIAS SOCIAIS","G","Presencial","Bahia","REINGRESSO SEGUNDO CICLO","2019","ATIVO"
"8456913bbc90e64f2a965c094ea44835"," 2019201***","MORADIA F3","M","25","Negra","Guiné Bissau","HISTÓRIA","G","Presencial","Bahia","REINGRESSO SEGUNDO CICLO","2019","ATIVO"
"8456913bbc90e64f2a965c094ea44835"," 2019201***","ALIMENTAÇÃO","M","25","Negra","Guiné Bissau","HISTÓRIA","G","Presencial","Bahia","REINGRESSO SEGUNDO CICLO","2019","ATIVO"
"b3b98e83527b3b156a28079c9f812ca4"," 2019201***","MORADIA F3","M","26","Negra","Guiné Bissau","CIÊNCIAS SOCIAIS","G","Presencial","Bahia","REINGRESSO SEGUNDO CICLO","2019","ATIVO"
"b3b98e83527b3b156a28079c9f812ca4"," 2019201***","ALIMENTAÇÃO","M","26","Negra","Guiné Bissau","CIÊNCIAS SOCIAIS","G","Presencial","Bahia","REINGRESSO SEGUNDO CICLO","2019","ATIVO"
"a79c6d5a2fa1e93cb950802935ee5dfc"," 2019201***","MORADIA F3","M","23","Negra","Cabo Verde","CIÊNCIAS SOCIAIS","G","Presencial","Bahia","REINGRESSO SEGUNDO CICLO","2019","ATIVO"
"a79c6d5a2fa1e93cb950802935ee5dfc"," 2019201***","ALIMENTAÇÃO","M","23","Negra","Cabo Verde","CIÊNCIAS SOCIAIS","G","Presencial","Bahia","REINGRESSO SEGUNDO CICLO","2019","ATIVO"
"14a14af7539825548c4d81a6a941e3b4"," 2019201***","ALIMENTAÇÃO","F","21","Parda","Brasil","HISTÓRIA","G","Presencial","Ceará","REINGRESSO SEGUNDO CICLO","2019","ATIVO"
"14a14af7539825548c4d81a6a941e3b4"," 2019201***","MORADIA F3","F","21","Parda","Brasil","HISTÓRIA","G","Presencial","Ceará","REINGRESSO SEGUNDO CICLO","2019","ATIVO"
"078992e54c3e3759d5475ab8d4a358bb"," 2019201***","ALIMENTAÇÃO","M","24","Negra","Angola","HISTÓRIA","G","Presencial","Ceará","REINGRESSO SEGUNDO CICLO","2019","ATIVO"
"078992e54c3e3759d5475ab8d4a358bb"," 2019201***","MORADIA F3","M","24","Negra","Angola","HISTÓRIA","G","Presencial","Ceará","REINGRESSO SEGUNDO CICLO","2019","ATIVO"
"68590802331be5b89ef4a79548c1cdbb"," 2019201***","SOCIAL","F","22","Parda","Brasil","PEDAGOGIA","G","Presencial","Ceará","REINGRESSO SEGUNDO CICLO","2019","ATIVO"
"a56733ef2d9fa00b3adb526a3f7adbf3"," 2019201***","MORADIA F3","M","21","Parda","Brasil","SOCIOLOGIA","G","Presencial","Ceará","REINGRESSO SEGUNDO CICLO","2019","ATIVO"
"a56733ef2d9fa00b3adb526a3f7adbf3"," 2019201***","ALIMENTAÇÃO","M","21","Parda","Brasil","SOCIOLOGIA","G","Presencial","Ceará","REINGRESSO SEGUNDO CICLO","2019","ATIVO"
"e8bca7b260781746b5a68c79693853fa"," 2019201***","ALIMENTAÇÃO","F","31","Branca","Brasil","SOCIOLOGIA","G","Presencial","Ceará","REINGRESSO SEGUNDO CICLO","2019","ATIVO"
"e8bca7b260781746b5a68c79693853fa"," 2019201***","MORADIA F3","F","31","Branca","Brasil","SOCIOLOGIA","G","Presencial","Ceará","REINGRESSO SEGUNDO CICLO","2019","ATIVO"
"1b975c8e20d4eb1abd79a4b51338ef92"," 2019201***","ALIMENTAÇÃO","M","22","Negra","Guiné Bissau","SOCIOLOGIA","G","Presencial","Ceará","REINGRESSO SEGUNDO CICLO","2019","ATIVO"
"1b975c8e20d4eb1abd79a4b51338ef92"," 2019201***","MORADIA F3","M","22","Negra","Guiné Bissau","SOCIOLOGIA","G","Presencial","Ceará","REINGRESSO SEGUNDO CICLO","2019","ATIVO"
"da4becf44c3d63497c4777e4c354cd20"," 2019201***","MORADIA F3","M","27","Negra","Angola","SOCIOLOGIA","G","Presencial","Ceará","REINGRESSO SEGUNDO CICLO","2019","ATIVO"
"da4becf44c3d63497c4777e4c354cd20"," 2019201***","ALIMENTAÇÃO","M","27","Negra","Angola","SOCIOLOGIA","G","Presencial","Ceará","REINGRESSO SEGUNDO CICLO","2019","ATIVO"
"f193fe9dbefca26edef4f2d71ed01b5e"," 2019201***","MORADIA F3","F","23","Negra","Moçambique","SOCIOLOGIA","G","Presencial","Ceará","REINGRESSO SEGUNDO CICLO","2019","ATIVO"
"f193fe9dbefca26edef4f2d71ed01b5e"," 2019201***","ALIMENTAÇÃO","F","23","Negra","Moçambique","SOCIOLOGIA","G","Presencial","Ceará","REINGRESSO SEGUNDO CICLO","2019","ATIVO"
"32d48c585241ad226aadb8fbdcbf6adc"," 2019202***","ALIMENTAÇÃO","M","19","Parda","Brasil","HUMANIDADES","G","Presencial","Ceará","SiSU","2019","ATIVO"
"32d48c585241ad226aadb8fbdcbf6adc"," 2019202***","TRANSPORTE F4","M","19","Parda","Brasil","HUMANIDADES","G","Presencial","Ceará","SiSU","2019","ATIVO"
"24a5aefbe6d3532928d9f1abe5d289c8"," 2019202***","MORADIA F3","F","20","Branca","Brasil","HUMANIDADES","G","Presencial","Ceará","SiSU","2019","ATIVO"
"c905292ed89c1f9f832447cd4b0c5971"," 2019202***","MORADIA F3","F","19","Parda","Brasil","HUMANIDADES","G","Presencial","Ceará","SiSU","2019","ATIVO"
"c905292ed89c1f9f832447cd4b0c5971"," 2019202***","ALIMENTAÇÃO","F","19","Parda","Brasil","HUMANIDADES","G","Presencial","Ceará","SiSU","2019","ATIVO"
"71b36c9653789b30b3a6c0ed70ad3aff"," 2019202***","MORADIA F3","M","24","Parda","Brasil","FARMÁCIA","G","Presencial","Ceará","SiSU","2019","ATIVO"
"71b36c9653789b30b3a6c0ed70ad3aff"," 2019202***","ALIMENTAÇÃO","M","24","Parda","Brasil","FARMÁCIA","G","Presencial","Ceará","SiSU","2019","ATIVO"
"301b3d10c02834567b640dbe5846e311"," 2019202***","SOCIAL","F","20","Amarela","Brasil","FARMÁCIA","G","Presencial","Ceará","SiSU","2019","ATIVO"
"f7747e5202c5b251c76e7dfac8b51320"," 2019202***","ALIMENTAÇÃO","M","19","Parda","Brasil","HUMANIDADES","G","Presencial","Ceará","SiSU","2019","ATIVO"
"f7747e5202c5b251c76e7dfac8b51320"," 2019202***","MORADIA F3","M","19","Parda","Brasil","HUMANIDADES","G","Presencial","Ceará","SiSU","2019","ATIVO"
"9cceecb620e5edb6db0409ec543277db"," 2019202***","SOCIAL","F","19","Parda","Brasil","AGRONOMIA","G","Presencial","Ceará","SiSU","2019","CANCELADO"
"88e4e07ab845740b3ff3f241aec4aebe"," 2019202***","MORADIA F3","F","22","Branca","Brasil","AGRONOMIA","G","Presencial","Ceará","SiSU","2019","ATIVO"
"88e4e07ab845740b3ff3f241aec4aebe"," 2019202***","ALIMENTAÇÃO","F","22","Branca","Brasil","AGRONOMIA","G","Presencial","Ceará","SiSU","2019","ATIVO"
"06467b1d6393084d9539312dec4381b1"," 2019202***","SOCIAL","M","27","Negra","Brasil","AGRONOMIA","G","Presencial","Ceará","SiSU","2019","ATIVO"
"56a0c5ebd450af07cc5c59bbb7cbe846"," 2019202***","MORADIA F3","M","21","Parda","Brasil","ADMINISTRAÇÃO PÚBLICA - SEMESTRAL","G","Presencial","Ceará","SiSU","2019","ATIVO"
"bd07225a4fbfdce925a49da80b1ac478"," 2019202***","MORADIA F3","M","21","Parda","Brasil","ADMINISTRAÇÃO PÚBLICA - SEMESTRAL","G","Presencial","Ceará","SiSU","2019","ATIVO"
"bd07225a4fbfdce925a49da80b1ac478"," 2019202***","ALIMENTAÇÃO","M","21","Parda","Brasil","ADMINISTRAÇÃO PÚBLICA - SEMESTRAL","G","Presencial","Ceará","SiSU","2019","ATIVO"
"aa98c288b05fc525c8a2bdf005ccda52"," 2019202***","ALIMENTAÇÃO","F","25","Parda","Brasil","HUMANIDADES","G","Presencial","Ceará","SiSU","2019","ATIVO"
"aa98c288b05fc525c8a2bdf005ccda52"," 2019202***","MORADIA F3","F","25","Parda","Brasil","HUMANIDADES","G","Presencial","Ceará","SiSU","2019","ATIVO"
"f3888724a59230abd4350977ffa6c3a6"," 2019202***","ALIMENTAÇÃO","M","21","Negra","Brasil","RELAÇÕES INTERNACIONAIS","G","Presencial","Bahia","PORTADOR DE DIPLOMA","2019","ATIVO"
"f3888724a59230abd4350977ffa6c3a6"," 2019202***","MORADIA F3","M","21","Negra","Brasil","RELAÇÕES INTERNACIONAIS","G","Presencial","Bahia","PORTADOR DE DIPLOMA","2019","ATIVO"
"87c1eb9571dd3b354c1b9e90fc23b1a7"," 2019202***","SOCIAL","F","20","Parda","Brasil","AGRONOMIA","G","Presencial","Ceará","REOPCAO","2019","ATIVO"
"e57a33e04d40102a8942552adbe79850"," 2019202***","SOCIAL","M","20","Parda","Brasil","AGRONOMIA","G","Presencial","Ceará","REOPCAO","2019","ATIVO"
"08468e8516f3ac39f9a21d0d44e79980"," 2019202***","MORADIA F3","F","19","Parda","Brasil","FARMÁCIA","G","Presencial","Ceará","SiSU","2019","ATIVO"
"1b927b0382ef4cec28b750630ac76a60"," 2019202***","TRANSPORTE F4","M","21","Parda","Brasil","ENGENHARIA DE ENERGIAS","G","Presencial","Ceará","SiSU","2019","ATIVO"
"1b927b0382ef4cec28b750630ac76a60"," 2019202***","ALIMENTAÇÃO","M","21","Parda","Brasil","ENGENHARIA DE ENERGIAS","G","Presencial","Ceará","SiSU","2019","ATIVO"
"a612b9c96b0f2b1f33a1ed7e7f5cb9ed"," 2019202***","SOCIAL","F","21","Negra","Brasil","CIÊNCIAS SOCIAIS","G","Presencial","Bahia","SELEÇÃO DE ALUNOS QUILOMBOLAS OU INDÍGENAS","2019","ATIVO"
"7494942c5faa8eec7e2a5f06e325259a"," 2019202***","SOCIAL","F","24","Negra","Brasil","CIÊNCIAS SOCIAIS","G","Presencial","Bahia","SELEÇÃO DE ALUNOS QUILOMBOLAS OU INDÍGENAS","2019","ATIVO"
"9cfad43d6ad63adde3f9583f6cdea172"," 2019203***","ALIMENTAÇÃO","M","52","Negra","Brasil","LETRAS - LÍNGUA PORTUGUESA","G","Presencial","Bahia","SELEÇÃO DE ALUNOS QUILOMBOLAS OU INDÍGENAS","2019","ATIVO"
"641fa19a39ddb723b50609ee0a9399ad"," 2019203***","SOCIAL","F","51","Negra","Brasil","PEDAGOGIA","G","Presencial","Bahia","SELEÇÃO DE ALUNOS QUILOMBOLAS OU INDÍGENAS","2019","ATIVO"
"bbaaab52a7802fe6352c8a3ceab3cdfb"," 2019203***","MORADIA F3","M","20","Parda","Brasil","AGRONOMIA","G","Presencial","Ceará","SiSU","2019","ATIVO"
"bbaaab52a7802fe6352c8a3ceab3cdfb"," 2019203***","ALIMENTAÇÃO","M","20","Parda","Brasil","AGRONOMIA","G","Presencial","Ceará","SiSU","2019","ATIVO"
"f93ccf9d8d2b38bf57f02a1db5aaf60a"," 2019203***","SOCIAL","F","35","Parda","Brasil","LETRAS - LÍNGUA PORTUGUESA","G","Presencial","Bahia","SELEÇÃO DE ALUNOS QUILOMBOLAS OU INDÍGENAS","2019","ATIVO"
"8da65057f4fd0bab109b6474fd8b3dde"," 2019203***","SOCIAL","F","38","Parda","Brasil","LETRAS - LÍNGUA PORTUGUESA","G","Presencial","Bahia","SiSU","2019","ATIVO"
"5d2cc6da0eb57606f9dd5e629042ff3f"," 2019203***","SOCIAL","F","42","Negra","Brasil","PEDAGOGIA","G","Presencial","Bahia","SELEÇÃO DE ALUNOS QUILOMBOLAS OU INDÍGENAS","2019","ATIVO"
"4ac3d250cdab9090250a338e7c841aa5"," 2019203***","MORADIA F3","M","19","Parda","Brasil","AGRONOMIA","G","Presencial","Ceará","SiSU","2019","ATIVO"
"314303d143974483bea61b64ae822fbe"," 2019203***","ALIMENTAÇÃO","M","20","Parda","Brasil","AGRONOMIA","G","Presencial","Ceará","SiSU","2019","ATIVO"
"314303d143974483bea61b64ae822fbe"," 2019203***","MORADIA F3","M","20","Parda","Brasil","AGRONOMIA","G","Presencial","Ceará","SiSU","2019","ATIVO"
"0a3046b004a29f640042888bd2d96eb8"," 2019203***","MORADIA F3","M","28","Negra","Brasil","ENFERMAGEM","G","Presencial","Ceará","SiSU","2019","ATIVO"
"0b09f57effb7a786c315da43716eaf96"," 2019203***","ALIMENTAÇÃO","F","19","Parda","Brasil","ENGENHARIA DA COMPUTAÇÃO","G","Presencial","Ceará","SiSU","2019","ATIVO"
"435f77d116a967797695897f8110eed4"," 2019203***","MORADIA F3","M","20","Parda","Brasil","FARMÁCIA","G","Presencial","Ceará","SiSU","2019","ATIVO"
"435f77d116a967797695897f8110eed4"," 2019203***","ALIMENTAÇÃO","M","20","Parda","Brasil","FARMÁCIA","G","Presencial","Ceará","SiSU","2019","ATIVO"
"a97b4da056ffeb29bd30f2e3c3ce6aa8"," 2019203***","TRANSPORTE F4","F","19","Parda","Brasil","FARMÁCIA","G","Presencial","Ceará","SiSU","2019","CANCELADO"
"532254266288b78d101a0c2c815febe8"," 2019203***","MORADIA F3","M","20","Branca","Brasil","HUMANIDADES","G","Presencial","Ceará","SiSU","2019","ATIVO"
"27765799bb628f923dfe5497a7897497"," 2019203***","MORADIA F3","F","20","Parda","Brasil","HUMANIDADES","G","Presencial","Ceará","SiSU","2019","ATIVO"
"f9e52919ad1c9756b878b826979179a1"," 2019203***","MORADIA F3","M","20","Parda","Brasil","HUMANIDADES","G","Presencial","Ceará","SiSU","2019","ATIVO"
"81695b2d6d37540fb3142c80fa88c418"," 2019203***","MORADIA F3","F","21","Parda","Brasil","HUMANIDADES","G","Presencial","Ceará","SiSU","2019","ATIVO"
"c076c9219ade9d3d0a3fe9c2017b9be9"," 2019203***","ALIMENTAÇÃO","M","21","Parda","Brasil","HUMANIDADES","G","Presencial","Ceará","SiSU","2019","ATIVO"
"8e262213a2e2e948c0350b1865d3f5b4"," 2019203***","MORADIA F3","F","21","Parda","Brasil","HUMANIDADES","G","Presencial","Ceará","SiSU","2019","ATIVO"
"428da1dece765e228e213e2af7038ac0"," 2019203***","MORADIA F3","M","20","Negra","Brasil","HUMANIDADES","G","Presencial","Ceará","SiSU","2019","ATIVO"
"428da1dece765e228e213e2af7038ac0"," 2019203***","ALIMENTAÇÃO","M","20","Negra","Brasil","HUMANIDADES","G","Presencial","Ceará","SiSU","2019","ATIVO"
"07f6c8b5d28a48518f83bcd6f379eee4"," 2019203***","SOCIAL","M","20","Parda","Brasil","HUMANIDADES","G","Presencial","Ceará","SiSU","2019","ATIVO"
"316315b845008f646780cc97cf48cbbb"," 2019203***","ALIMENTAÇÃO","F","20","Parda","Brasil","HUMANIDADES","G","Presencial","Ceará","SiSU","2019","ATIVO"
"316315b845008f646780cc97cf48cbbb"," 2019203***","MORADIA F3","F","20","Parda","Brasil","HUMANIDADES","G","Presencial","Ceará","SiSU","2019","ATIVO"
"9917a0e7dd91ebcfcd8d1d45bd7b6fad"," 2019203***","MORADIA F3","M","19","Parda","Brasil","HUMANIDADES","G","Presencial","Ceará","SiSU","2019","ATIVO"
"9917a0e7dd91ebcfcd8d1d45bd7b6fad"," 2019203***","ALIMENTAÇÃO","M","19","Parda","Brasil","HUMANIDADES","G","Presencial","Ceará","SiSU","2019","ATIVO"
"2dd5ce241453d153d16ff18bb0b72fb5"," 2019203***","MORADIA F3","M","20","Negra","Brasil","HUMANIDADES","G","Presencial","Ceará","SiSU","2019","CANCELADO"
"3d0f5b45600a29238f4599e877e89b08"," 2019203***","TRANSPORTE F3","M","26","Parda","Brasil","LETRAS -  LÍNGUA PORTUGUESA","G","Presencial","Ceará","SiSU","2019","ATIVO"
"3d0f5b45600a29238f4599e877e89b08"," 2019203***","ALIMENTAÇÃO","M","26","Parda","Brasil","LETRAS -  LÍNGUA PORTUGUESA","G","Presencial","Ceará","SiSU","2019","ATIVO"
"93bd8be00c6b52cc124cdb5bd18c27b8"," 2019203***","SOCIAL","F","20","Parda","Brasil","LETRAS - LÍNGUA INGLESA","G","Presencial","Ceará","SiSU","2019","ATIVO"
"773c815373394eb14f0ed9168fd0b569"," 2019203***","SOCIAL","F","20","Não declarada","Brasil","LETRAS - LÍNGUA INGLESA","G","Presencial","Ceará","SiSU","2019","ATIVO"
"6268b52900918540e912c94a63d8818e"," 2019203***","SOCIAL","M","22","Negra","Brasil","LETRAS - LÍNGUA INGLESA","G","Presencial","Ceará","SiSU","2019","ATIVO"
"7272a745ecdc7aa327a4cb9480cba29b"," 2019203***","MORADIA F3","M","20","Parda","Brasil","LETRAS - LÍNGUA INGLESA","G","Presencial","Ceará","SiSU","2019","ATIVO"
"8ddb1ec6563d09c2040934392de9bbc3"," 2019203***","ALIMENTAÇÃO","M","20","Branca","Brasil","ADMINISTRAÇÃO PÚBLICA - SEMESTRAL","G","Presencial","Ceará","SiSU","2019","ATIVO"
"480c92c8e7edda8f45e4ab1661e8a079"," 2019204***","MORADIA F3","M","20","Parda","Brasil","ADMINISTRAÇÃO PÚBLICA - SEMESTRAL","G","Presencial","Ceará","SiSU","2019","ATIVO"
"27036b6181c543b9b64702129b495294"," 2019204***","ALIMENTAÇÃO","M","23","Parda","Brasil","AGRONOMIA","G","Presencial","Ceará","SiSU","2019","ATIVO"
"b528ce445f5087779ca27e48f9560fd4"," 2019204***","TRANSPORTE F4","M","25","Parda","Brasil","AGRONOMIA","G","Presencial","Ceará","SiSU","2019","ATIVO"
"b528ce445f5087779ca27e48f9560fd4"," 2019204***","ALIMENTAÇÃO","M","25","Parda","Brasil","AGRONOMIA","G","Presencial","Ceará","SiSU","2019","ATIVO"
"8f11e43e197ab80c53d86c4f917929b0"," 2019204***","SOCIAL","F","22","Branca","Brasil","ENGENHARIA DA COMPUTAÇÃO","G","Presencial","Ceará","SiSU","2019","ATIVO"
"8f6aec138b25757ca72135df926cfb5a"," 2019204***","MORADIA F3","M","22","Parda","Brasil","ENGENHARIA DA COMPUTAÇÃO","G","Presencial","Ceará","SiSU","2019","ATIVO"
"afc94aa8b351d7116369bb38b9a3f44e"," 2019204***","ALIMENTAÇÃO","M","25","Parda","Brasil","ENGENHARIA DA COMPUTAÇÃO","G","Presencial","Ceará","SISURE/REMANESCENTES","2019","ATIVO"
"e20eed433ce8550765167b3cdb66bb16"," 2019204***","MORADIA F3","M","22","Parda","Brasil","ENGENHARIA DE ENERGIAS","G","Presencial","Ceará","SiSU","2019","ATIVO"
"5333ce38f96e0bca7f4c276d43b72d8f"," 2019204***","SOCIAL","M","30","Parda","Brasil","HUMANIDADES","G","Presencial","Ceará","SiSU","2019","ATIVO"
"a4b1bc429c3cc189bd185b8c1a26edf8"," 2019204***","SOCIAL","M","23","Parda","Brasil","HUMANIDADES","G","Presencial","Ceará","SiSU","2019","ATIVO"
"216bb6a175e6c2b538aa25c82d039171"," 2019204***","MORADIA F3","M","25","Parda","Brasil","CIÊNCIAS BIOLÓGICAS","G","Presencial","Ceará","TRANSFERÊNCIA VOLUNTÁRIA","2019","ATIVO"
"216bb6a175e6c2b538aa25c82d039171"," 2019204***","ALIMENTAÇÃO","M","25","Parda","Brasil","CIÊNCIAS BIOLÓGICAS","G","Presencial","Ceará","TRANSFERÊNCIA VOLUNTÁRIA","2019","ATIVO"
"371c14212a9eabba785864543c882dce"," 2019204***","SOCIAL","M","20","Parda","Brasil","HUMANIDADES","G","Presencial","Ceará","SiSU","2019","ATIVO"
"fd1690ae803f6fd0e1a5ba60222987f2"," 2019204***","MORADIA F3","F","20","Branca","Brasil","HUMANIDADES","G","Presencial","Ceará","SiSU","2019","CANCELADO"
"d3ac2710e92d29db89d4673a6a09cf4b"," 2019204***","ALIMENTAÇÃO","M","19","Parda","Brasil","HUMANIDADES","G","Presencial","Ceará","SiSU","2019","ATIVO"
"d3ac2710e92d29db89d4673a6a09cf4b"," 2019204***","MORADIA F3","M","19","Parda","Brasil","HUMANIDADES","G","Presencial","Ceará","SiSU","2019","ATIVO"
"8aae368419e88d12138dacc24f8f2a77"," 2019204***","MORADIA F3","F","20","Parda","Brasil","ENFERMAGEM","G","Presencial","Ceará","TRANSFERÊNCIA VOLUNTÁRIA","2019","ATIVO"
"d376d57b2129d6a01c021915d09fc34e"," 2019204***","MORADIA F3","M","19","Negra","Brasil","HUMANIDADES","G","Presencial","Ceará","SiSU","2019","ATIVO"
"d376d57b2129d6a01c021915d09fc34e"," 2019204***","ALIMENTAÇÃO","M","19","Negra","Brasil","HUMANIDADES","G","Presencial","Ceará","SiSU","2019","ATIVO"
"7ec808e70779d87da081fd2c3b065cf5"," 2019204***","MORADIA F3","F","22","Parda","Brasil","HUMANIDADES","G","Presencial","Ceará","SiSU","2019","CANCELADO"
"7ec808e70779d87da081fd2c3b065cf5"," 2019204***","ALIMENTAÇÃO","F","22","Parda","Brasil","HUMANIDADES","G","Presencial","Ceará","SiSU","2019","CANCELADO"
"862067fede500bb47008e4a24d4da9f7"," 2019204***","ALIMENTAÇÃO","M","22","Branca","Brasil","ENFERMAGEM","G","Presencial","Ceará","TRANSFERÊNCIA VOLUNTÁRIA","2019","ATIVO"
"e6b5abe35ff7a7ab5c33aeb060c9d03f"," 2019204***","MORADIA F3","F","19","Parda","Brasil","HUMANIDADES","G","Presencial","Ceará","SiSU","2019","ATIVO"
"83ba854bbe6f5ba5e26d8be2979f8ef9"," 2019204***","MORADIA F3","F","19","Parda","Brasil","LETRAS - LÍNGUA INGLESA","G","Presencial","Ceará","SiSU","2019","ATIVO"
"3b919f11f7c68fcc1eb0060f8e7990a2"," 2019204***","ALIMENTAÇÃO","M","22","Parda","Brasil","LETRAS - LÍNGUA INGLESA","G","Presencial","Ceará","SISURE/REMANESCENTES","2019","ATIVO"
"3b919f11f7c68fcc1eb0060f8e7990a2"," 2019204***","MORADIA F3","M","22","Parda","Brasil","LETRAS - LÍNGUA INGLESA","G","Presencial","Ceará","SISURE/REMANESCENTES","2019","ATIVO"
"ea401832b0fb4b074a3e66148a52db2d"," 2019204***","MORADIA F3","M","20","Parda","Brasil","LETRAS - LÍNGUA INGLESA","G","Presencial","Ceará","SiSU","2019","ATIVO"
"ea401832b0fb4b074a3e66148a52db2d"," 2019204***","ALIMENTAÇÃO","M","20","Parda","Brasil","LETRAS - LÍNGUA INGLESA","G","Presencial","Ceará","SiSU","2019","ATIVO"
"04e65b9d92f13b4190d0f529823994f6"," 2019204***","MORADIA F3","M","20","Branca","Brasil","LETRAS -  LÍNGUA PORTUGUESA","G","Presencial","Ceará","SiSU","2019","ATIVO"
"04e65b9d92f13b4190d0f529823994f6"," 2019204***","ALIMENTAÇÃO","M","20","Branca","Brasil","LETRAS -  LÍNGUA PORTUGUESA","G","Presencial","Ceará","SiSU","2019","ATIVO"
"c84664fcbce1951399577cd4f5d30e4c"," 2019204***","SOCIAL","F","28","Parda","Brasil","ENGENHARIA DA COMPUTAÇÃO","G","Presencial","Ceará","TRANSFERÊNCIA VOLUNTÁRIA","2019","ATIVO"
"69354fbc6260011412fbf501dec17ab2"," 2019204***","ALIMENTAÇÃO","M","22","Indígena","Brasil","AGRONOMIA","G","Presencial","Ceará","SELEÇÃO DE ALUNOS QUILOMBOLAS OU INDÍGENAS","2019","ATIVO"
"69354fbc6260011412fbf501dec17ab2"," 2019204***","MORADIA F3","M","22","Indígena","Brasil","AGRONOMIA","G","Presencial","Ceará","SELEÇÃO DE ALUNOS QUILOMBOLAS OU INDÍGENAS","2019","ATIVO"
"dbd778640190faa08b7bda34af9b720d"," 2019205***","ALIMENTAÇÃO","M","24","Negra","Angola","ENGENHARIA DE ENERGIAS","G","Presencial","Ceará","SELEÇÃO DE ESTUDANTES ESTRANGEIROS","2019","ATIVO"
"dbd778640190faa08b7bda34af9b720d"," 2019205***","MORADIA F3","M","24","Negra","Angola","ENGENHARIA DE ENERGIAS","G","Presencial","Ceará","SELEÇÃO DE ESTUDANTES ESTRANGEIROS","2019","ATIVO"
"ef2fb72689da579797e2aab49c0c6958"," 2019205***","MORADIA F3","M","33","Negra","Guiné Bissau","ENGENHARIA DE ENERGIAS","G","Presencial","Ceará","SELEÇÃO DE ESTUDANTES ESTRANGEIROS","2019","ATIVO"
"ef2fb72689da579797e2aab49c0c6958"," 2019205***","ALIMENTAÇÃO","M","33","Negra","Guiné Bissau","ENGENHARIA DE ENERGIAS","G","Presencial","Ceará","SELEÇÃO DE ESTUDANTES ESTRANGEIROS","2019","ATIVO"
"6f769741ee4469cd2b370c0ab47fa733"," 2019205***","ALIMENTAÇÃO","F","19","Negra","Angola","ENGENHARIA DE ENERGIAS","G","Presencial","Ceará","SELEÇÃO DE ESTUDANTES ESTRANGEIROS","2019","ATIVO"
"6f769741ee4469cd2b370c0ab47fa733"," 2019205***","MORADIA F3","F","19","Negra","Angola","ENGENHARIA DE ENERGIAS","G","Presencial","Ceará","SELEÇÃO DE ESTUDANTES ESTRANGEIROS","2019","ATIVO"
"1ae9d6379cef30a819159a0d2e2ba88c"," 2019205***","MORADIA F3","M","20","Negra","Angola","ENGENHARIA DA COMPUTAÇÃO","G","Presencial","Ceará","SELEÇÃO DE ESTUDANTES ESTRANGEIROS","2019","ATIVO"
"1ae9d6379cef30a819159a0d2e2ba88c"," 2019205***","ALIMENTAÇÃO","M","20","Negra","Angola","ENGENHARIA DA COMPUTAÇÃO","G","Presencial","Ceará","SELEÇÃO DE ESTUDANTES ESTRANGEIROS","2019","ATIVO"
"dd68a22cbdf1c6a67925a9cf3bc2f446"," 2019205***","SOCIAL","F","27","Parda","Brasil","ENFERMAGEM","G","Presencial","Ceará","PORTADOR DE DIPLOMA","2019","ATIVO"
"903f2374026a9d92a7dd484452fe0fde"," 2019205***","MORADIA F3","F","19","Negra","Moçambique","ENGENHARIA DE ENERGIAS","G","Presencial","Ceará","SELEÇÃO DE ESTUDANTES ESTRANGEIROS","2019","ATIVO"
"903f2374026a9d92a7dd484452fe0fde"," 2019205***","ALIMENTAÇÃO","F","19","Negra","Moçambique","ENGENHARIA DE ENERGIAS","G","Presencial","Ceará","SELEÇÃO DE ESTUDANTES ESTRANGEIROS","2019","ATIVO"
"f2c787a768e2f840928bcfdc0428e038"," 2019205***","MORADIA F3","M","26","Negra","Moçambique","ENGENHARIA DE ENERGIAS","G","Presencial","Ceará","SELEÇÃO DE ESTUDANTES ESTRANGEIROS","2019","ATIVO"
"f2c787a768e2f840928bcfdc0428e038"," 2019205***","ALIMENTAÇÃO","M","26","Negra","Moçambique","ENGENHARIA DE ENERGIAS","G","Presencial","Ceará","SELEÇÃO DE ESTUDANTES ESTRANGEIROS","2019","ATIVO"
"07acd056d8656b6a72234a0395bc3ef9"," 2019205***","ALIMENTAÇÃO","F","22","Indígena","Brasil","ENFERMAGEM","G","Presencial","Ceará","SELEÇÃO DE ALUNOS QUILOMBOLAS OU INDÍGENAS","2019","ATIVO"
"07acd056d8656b6a72234a0395bc3ef9"," 2019205***","MORADIA F3","F","22","Indígena","Brasil","ENFERMAGEM","G","Presencial","Ceará","SELEÇÃO DE ALUNOS QUILOMBOLAS OU INDÍGENAS","2019","ATIVO"
"9ec4aa891cedec3366ddaf42787378e0"," 2019205***","ALIMENTAÇÃO","M","21","Negra","Angola","ENGENHARIA DA COMPUTAÇÃO","G","Presencial","Ceará","SELEÇÃO DE ESTUDANTES ESTRANGEIROS","2019","ATIVO"
"9ec4aa891cedec3366ddaf42787378e0"," 2019205***","MORADIA F3","M","21","Negra","Angola","ENGENHARIA DA COMPUTAÇÃO","G","Presencial","Ceará","SELEÇÃO DE ESTUDANTES ESTRANGEIROS","2019","ATIVO"
"5db5d4815b7784bff0a1763761eb06be"," 2019205***","MORADIA F3","M","24","Negra","Angola","ENGENHARIA DE ENERGIAS","G","Presencial","Ceará","SELEÇÃO DE ESTUDANTES ESTRANGEIROS","2019","ATIVO"
"5db5d4815b7784bff0a1763761eb06be"," 2019205***","ALIMENTAÇÃO","M","24","Negra","Angola","ENGENHARIA DE ENERGIAS","G","Presencial","Ceará","SELEÇÃO DE ESTUDANTES ESTRANGEIROS","2019","ATIVO"
"552e321fa4cabf8e8a088616a535e6bb"," 2019205***","ALIMENTAÇÃO","M","21","Negra","São Tomé e Príncipe","ENGENHARIA DE ENERGIAS","G","Presencial","Ceará","SELEÇÃO DE ESTUDANTES ESTRANGEIROS","2019","ATIVO"
"552e321fa4cabf8e8a088616a535e6bb"," 2019205***","MORADIA F3","M","21","Negra","São Tomé e Príncipe","ENGENHARIA DE ENERGIAS","G","Presencial","Ceará","SELEÇÃO DE ESTUDANTES ESTRANGEIROS","2019","ATIVO"
"e0df9a59c24dffdbb367530d0b076e85"," 2019205***","ALIMENTAÇÃO","F","21","Negra","Guiné Bissau","ENGENHARIA DA COMPUTAÇÃO","G","Presencial","Ceará","SELEÇÃO DE ESTUDANTES ESTRANGEIROS","2019","ATIVO"
"e0df9a59c24dffdbb367530d0b076e85"," 2019205***","MORADIA F3","F","21","Negra","Guiné Bissau","ENGENHARIA DA COMPUTAÇÃO","G","Presencial","Ceará","SELEÇÃO DE ESTUDANTES ESTRANGEIROS","2019","ATIVO"
"4c5261a12a40ec5f8bdb613353305b34"," 2019205***","ALIMENTAÇÃO","M","19","Parda","Brasil","ENFERMAGEM","G","Presencial","Ceará","SELEÇÃO DE ALUNOS QUILOMBOLAS OU INDÍGENAS","2019","ATIVO"
"771b5c4cf74dbb0b306a4b7830d7637e"," 2019205***","MORADIA F3","M","23","Negra","Guiné Bissau","ENGENHARIA DA COMPUTAÇÃO","G","Presencial","Ceará","SELEÇÃO DE ESTUDANTES ESTRANGEIROS","2019","ATIVO"
"771b5c4cf74dbb0b306a4b7830d7637e"," 2019205***","ALIMENTAÇÃO","M","23","Negra","Guiné Bissau","ENGENHARIA DA COMPUTAÇÃO","G","Presencial","Ceará","SELEÇÃO DE ESTUDANTES ESTRANGEIROS","2019","ATIVO"
"f3eb7a272e58ab0058be26c3a0f45fb4"," 2019205***","ALIMENTAÇÃO","M","23","Negra","Guiné Bissau","ENGENHARIA DE ENERGIAS","G","Presencial","Ceará","SELEÇÃO DE ESTUDANTES ESTRANGEIROS","2019","ATIVO"
"f3eb7a272e58ab0058be26c3a0f45fb4"," 2019205***","MORADIA F3","M","23","Negra","Guiné Bissau","ENGENHARIA DE ENERGIAS","G","Presencial","Ceará","SELEÇÃO DE ESTUDANTES ESTRANGEIROS","2019","ATIVO"
"cdede29b415517fb07e8f70d334d5651"," 2019205***","MORADIA F3","M","22","Negra","Guiné Bissau","ENGENHARIA DE ENERGIAS","G","Presencial","Ceará","SELEÇÃO DE ESTUDANTES ESTRANGEIROS","2019","ATIVO"
"cdede29b415517fb07e8f70d334d5651"," 2019205***","ALIMENTAÇÃO","M","22","Negra","Guiné Bissau","ENGENHARIA DE ENERGIAS","G","Presencial","Ceará","SELEÇÃO DE ESTUDANTES ESTRANGEIROS","2019","ATIVO"
"a1b3da623cfab4e356fbb5b89d1918db"," 2019205***","MORADIA F3","F","23","Negra","São Tomé e Príncipe","ENGENHARIA DA COMPUTAÇÃO","G","Presencial","Ceará","SELEÇÃO DE ESTUDANTES ESTRANGEIROS","2019","ATIVO"
"a1b3da623cfab4e356fbb5b89d1918db"," 2019205***","ALIMENTAÇÃO","F","23","Negra","São Tomé e Príncipe","ENGENHARIA DA COMPUTAÇÃO","G","Presencial","Ceará","SELEÇÃO DE ESTUDANTES ESTRANGEIROS","2019","ATIVO"
"3c7f280abfd2b5a13b7829b4a9d1c2c5"," 2019205***","MORADIA F3","F","33","Parda","Brasil","ANTROPOLOGIA","G","Presencial","Ceará","PORTADOR DE DIPLOMA","2019","ATIVO"
"3c7f280abfd2b5a13b7829b4a9d1c2c5"," 2019205***","ALIMENTAÇÃO","F","33","Parda","Brasil","ANTROPOLOGIA","G","Presencial","Ceará","PORTADOR DE DIPLOMA","2019","ATIVO"
"347af3cf4c3ee1a155f37e5d82499b89"," 2019205***","MORADIA F3","M","25","Parda","Brasil","SOCIOLOGIA","G","Presencial","Ceará","PORTADOR DE DIPLOMA","2019","ATIVO"
"6282eabffd4924a041fbca4cd531dc23"," 2019205***","MORADIA F3","F","22","Negra","Guiné Bissau","AGRONOMIA","G","Presencial","Ceará","SELEÇÃO DE ESTUDANTES ESTRANGEIROS","2019","ATIVO"
"6282eabffd4924a041fbca4cd531dc23"," 2019205***","ALIMENTAÇÃO","F","22","Negra","Guiné Bissau","AGRONOMIA","G","Presencial","Ceará","SELEÇÃO DE ESTUDANTES ESTRANGEIROS","2019","ATIVO"
"def613210d87ea894b9d56774a339c0f"," 2019205***","MORADIA F3","M","26","Negra","Guiné Bissau","AGRONOMIA","G","Presencial","Ceará","SELEÇÃO DE ESTUDANTES ESTRANGEIROS","2019","ATIVO"
"def613210d87ea894b9d56774a339c0f"," 2019205***","ALIMENTAÇÃO","M","26","Negra","Guiné Bissau","AGRONOMIA","G","Presencial","Ceará","SELEÇÃO DE ESTUDANTES ESTRANGEIROS","2019","ATIVO"
"91930ac2f179bc95cc3c3690f2310053"," 2019205***","MORADIA F3","M","20","Negra","Angola","AGRONOMIA","G","Presencial","Ceará","SELEÇÃO DE ESTUDANTES ESTRANGEIROS","2019","ATIVO"
"91930ac2f179bc95cc3c3690f2310053"," 2019205***","ALIMENTAÇÃO","M","20","Negra","Angola","AGRONOMIA","G","Presencial","Ceará","SELEÇÃO DE ESTUDANTES ESTRANGEIROS","2019","ATIVO"
"51f3e00dae88d688741f9a793012ab9e"," 2019205***","ALIMENTAÇÃO","M","22","Negra","Guiné Bissau","ENGENHARIA DA COMPUTAÇÃO","G","Presencial","Ceará","SELEÇÃO DE ESTUDANTES ESTRANGEIROS","2019","ATIVO"
"51f3e00dae88d688741f9a793012ab9e"," 2019205***","MORADIA F3","M","22","Negra","Guiné Bissau","ENGENHARIA DA COMPUTAÇÃO","G","Presencial","Ceará","SELEÇÃO DE ESTUDANTES ESTRANGEIROS","2019","ATIVO"
"947279cafb37ca977bcb0fbea3cc4a47"," 2019205***","ALIMENTAÇÃO","M","23","Parda","Brasil","PEDAGOGIA","G","Presencial","Ceará","REINGRESSO SEGUNDO CICLO","2019","CANCELADO"
"947279cafb37ca977bcb0fbea3cc4a47"," 2019205***","MORADIA F3","M","23","Parda","Brasil","PEDAGOGIA","G","Presencial","Ceará","REINGRESSO SEGUNDO CICLO","2019","CANCELADO"
"aae239a95e84cb3b7ed8d108589cb45a"," 2019205***","MORADIA F3","F","21","Negra","Guiné Bissau","AGRONOMIA","G","Presencial","Ceará","SELEÇÃO DE ESTUDANTES ESTRANGEIROS","2019","ATIVO"
"aae239a95e84cb3b7ed8d108589cb45a"," 2019205***","ALIMENTAÇÃO","F","21","Negra","Guiné Bissau","AGRONOMIA","G","Presencial","Ceará","SELEÇÃO DE ESTUDANTES ESTRANGEIROS","2019","ATIVO"
"b7eef9a7da927255da1541b1922b9a39"," 2019205***","MORADIA F3","M","22","Negra","Angola","AGRONOMIA","G","Presencial","Ceará","SELEÇÃO DE ESTUDANTES ESTRANGEIROS","2019","ATIVO"
"b7eef9a7da927255da1541b1922b9a39"," 2019205***","ALIMENTAÇÃO","M","22","Negra","Angola","AGRONOMIA","G","Presencial","Ceará","SELEÇÃO DE ESTUDANTES ESTRANGEIROS","2019","ATIVO"
"1b9b6d84ec44fe5fa0c7eeb75f71c7d9"," 2019205***","ALIMENTAÇÃO","M","21","Negra","Angola","HUMANIDADES","G","Presencial","Bahia","SELEÇÃO DE ESTUDANTES ESTRANGEIROS","2019","ATIVO"
"1b9b6d84ec44fe5fa0c7eeb75f71c7d9"," 2019205***","MORADIA F3","M","21","Negra","Angola","HUMANIDADES","G","Presencial","Bahia","SELEÇÃO DE ESTUDANTES ESTRANGEIROS","2019","ATIVO"
"977fea32282b2b7547bbb75c242a4f83"," 2019205***","ALIMENTAÇÃO","M","21","Negra","Angola","HUMANIDADES","G","Presencial","Bahia","SELEÇÃO DE ESTUDANTES ESTRANGEIROS","2019","ATIVO"
"977fea32282b2b7547bbb75c242a4f83"," 2019205***","MORADIA F3","M","21","Negra","Angola","HUMANIDADES","G","Presencial","Bahia","SELEÇÃO DE ESTUDANTES ESTRANGEIROS","2019","ATIVO"
"8cf28f02faac93d1f77cd2178543faa4"," 2019205***","ALIMENTAÇÃO","F","22","Negra","Angola","HUMANIDADES","G","Presencial","Bahia","SELEÇÃO DE ESTUDANTES ESTRANGEIROS","2019","ATIVO"
"8cf28f02faac93d1f77cd2178543faa4"," 2019205***","MORADIA F3","F","22","Negra","Angola","HUMANIDADES","G","Presencial","Bahia","SELEÇÃO DE ESTUDANTES ESTRANGEIROS","2019","ATIVO"
"9752b7a8e2cca7d9e7921599600d8ba6"," 2019205***","ALIMENTAÇÃO","F","23","Negra","Angola","FARMÁCIA","G","Presencial","Ceará","SELEÇÃO DE ESTUDANTES ESTRANGEIROS","2019","ATIVO"
"9752b7a8e2cca7d9e7921599600d8ba6"," 2019205***","MORADIA F3","F","23","Negra","Angola","FARMÁCIA","G","Presencial","Ceará","SELEÇÃO DE ESTUDANTES ESTRANGEIROS","2019","ATIVO"
"c0f9254ce361562cb4a195209b7318ce"," 2019205***","ALIMENTAÇÃO","F","21","Negra","Angola","LETRAS - LÍNGUA PORTUGUESA","G","Presencial","Bahia","SELEÇÃO DE ESTUDANTES ESTRANGEIROS","2019","ATIVO"
"c0f9254ce361562cb4a195209b7318ce"," 2019205***","MORADIA F3","F","21","Negra","Angola","LETRAS - LÍNGUA PORTUGUESA","G","Presencial","Bahia","SELEÇÃO DE ESTUDANTES ESTRANGEIROS","2019","ATIVO"
"ff39538d6e05f303ac137ce46c667de4"," 2019205***","ALIMENTAÇÃO","M","22","Negra","Angola","HUMANIDADES","G","Presencial","Bahia","SELEÇÃO DE ESTUDANTES ESTRANGEIROS","2019","ATIVO"
"ff39538d6e05f303ac137ce46c667de4"," 2019205***","MORADIA F3","M","22","Negra","Angola","HUMANIDADES","G","Presencial","Bahia","SELEÇÃO DE ESTUDANTES ESTRANGEIROS","2019","ATIVO"
"876a7fb540bfc5292d2b4c3690a4961d"," 2019205***","ALIMENTAÇÃO","M","20","Negra","Angola","HUMANIDADES","G","Presencial","Bahia","SELEÇÃO DE ESTUDANTES ESTRANGEIROS","2019","ATIVO"
"876a7fb540bfc5292d2b4c3690a4961d"," 2019205***","MORADIA F3","M","20","Negra","Angola","HUMANIDADES","G","Presencial","Bahia","SELEÇÃO DE ESTUDANTES ESTRANGEIROS","2019","ATIVO"
"5fe45972a4bb2fb72f36b4447210aad1"," 2019205***","ALIMENTAÇÃO","F","23","Negra","Guiné Bissau","HUMANIDADES","G","Presencial","Bahia","SELEÇÃO DE ESTUDANTES ESTRANGEIROS","2019","ATIVO"
"5fe45972a4bb2fb72f36b4447210aad1"," 2019205***","MORADIA F3","F","23","Negra","Guiné Bissau","HUMANIDADES","G","Presencial","Bahia","SELEÇÃO DE ESTUDANTES ESTRANGEIROS","2019","ATIVO"
"792bdc748d283d3845ec54c2e4029672"," 2019205***","ALIMENTAÇÃO","M","23","Negra","Guiné Bissau","HUMANIDADES","G","Presencial","Bahia","SELEÇÃO DE ESTUDANTES ESTRANGEIROS","2019","ATIVO"
"792bdc748d283d3845ec54c2e4029672"," 2019205***","MORADIA F3","M","23","Negra","Guiné Bissau","HUMANIDADES","G","Presencial","Bahia","SELEÇÃO DE ESTUDANTES ESTRANGEIROS","2019","ATIVO"
"bc95d58ef6c55a6a3ac9b87d6df1a508"," 2019205***","ALIMENTAÇÃO","M","21","Negra","Angola","FARMÁCIA","G","Presencial","Ceará","SELEÇÃO DE ESTUDANTES ESTRANGEIROS","2019","ATIVO"
"bc95d58ef6c55a6a3ac9b87d6df1a508"," 2019205***","MORADIA F3","M","21","Negra","Angola","FARMÁCIA","G","Presencial","Ceará","SELEÇÃO DE ESTUDANTES ESTRANGEIROS","2019","ATIVO"
"c907b3e442ad4092ac7e073fe469a43c"," 2019205***","MORADIA F3","M","21","Negra","Angola","HUMANIDADES","G","Presencial","Bahia","SELEÇÃO DE ESTUDANTES ESTRANGEIROS","2019","ATIVO"
"c907b3e442ad4092ac7e073fe469a43c"," 2019205***","ALIMENTAÇÃO","M","21","Negra","Angola","HUMANIDADES","G","Presencial","Bahia","SELEÇÃO DE ESTUDANTES ESTRANGEIROS","2019","ATIVO"
"c69ae47b80bfa00ca929c0eaef93ba23"," 2019205***","MORADIA F3","M","26","Negra","Angola","FARMÁCIA","G","Presencial","Ceará","SELEÇÃO DE ESTUDANTES ESTRANGEIROS","2019","ATIVO"
"c69ae47b80bfa00ca929c0eaef93ba23"," 2019205***","ALIMENTAÇÃO","M","26","Negra","Angola","FARMÁCIA","G","Presencial","Ceará","SELEÇÃO DE ESTUDANTES ESTRANGEIROS","2019","ATIVO"
"799b63d3665baac86079b822860caf26"," 2019205***","ALIMENTAÇÃO","M","23","Negra","Angola","LETRAS - LÍNGUA PORTUGUESA","G","Presencial","Bahia","SELEÇÃO DE ESTUDANTES ESTRANGEIROS","2019","ATIVO"
"799b63d3665baac86079b822860caf26"," 2019205***","MORADIA F3","M","23","Negra","Angola","LETRAS - LÍNGUA PORTUGUESA","G","Presencial","Bahia","SELEÇÃO DE ESTUDANTES ESTRANGEIROS","2019","ATIVO"
"5ffbff64dc64c69300e9595214839462"," 2019205***","ALIMENTAÇÃO","F","22","Negra","Angola","FARMÁCIA","G","Presencial","Ceará","SELEÇÃO DE ESTUDANTES ESTRANGEIROS","2019","ATIVO"
"5ffbff64dc64c69300e9595214839462"," 2019205***","MORADIA F3","F","22","Negra","Angola","FARMÁCIA","G","Presencial","Ceará","SELEÇÃO DE ESTUDANTES ESTRANGEIROS","2019","ATIVO"
"abdf3de0c04adf8a60ab2ffcb13d7b5a"," 2019205***","MORADIA F3","F","21","Negra","Guiné Bissau","FARMÁCIA","G","Presencial","Ceará","SELEÇÃO DE ESTUDANTES ESTRANGEIROS","2019","ATIVO"
"abdf3de0c04adf8a60ab2ffcb13d7b5a"," 2019205***","ALIMENTAÇÃO","F","21","Negra","Guiné Bissau","FARMÁCIA","G","Presencial","Ceará","SELEÇÃO DE ESTUDANTES ESTRANGEIROS","2019","ATIVO"
"451356e8ac593848203af4e64926c6e0"," 2019205***","MORADIA F3","F","22","Negra","Guiné Bissau","ENFERMAGEM","G","Presencial","Ceará","SELEÇÃO DE ESTUDANTES ESTRANGEIROS","2019","ATIVO"
"451356e8ac593848203af4e64926c6e0"," 2019205***","ALIMENTAÇÃO","F","22","Negra","Guiné Bissau","ENFERMAGEM","G","Presencial","Ceará","SELEÇÃO DE ESTUDANTES ESTRANGEIROS","2019","ATIVO"
"cbf4fdbfb554f6c2a0a65aa0a9699ca3"," 2019205***","MORADIA F3","F","63","Parda","Brasil","HUMANIDADES","G","Presencial","Bahia","SiSU","2019","ATIVO"
"cbf4fdbfb554f6c2a0a65aa0a9699ca3"," 2019205***","ALIMENTAÇÃO","F","63","Parda","Brasil","HUMANIDADES","G","Presencial","Bahia","SiSU","2019","ATIVO"
"60ce380f5e63ef6bbc536f8e5f2ffd3c"," 2019205***","MORADIA F3","M","24","Negra","Angola","HUMANIDADES","G","Presencial","Bahia","SELEÇÃO DE ESTUDANTES ESTRANGEIROS","2019","ATIVO"
"60ce380f5e63ef6bbc536f8e5f2ffd3c"," 2019205***","ALIMENTAÇÃO","M","24","Negra","Angola","HUMANIDADES","G","Presencial","Bahia","SELEÇÃO DE ESTUDANTES ESTRANGEIROS","2019","ATIVO"
"a0f9dd6ad7ed3ea3e5cb7750e587a1c4"," 2019205***","ALIMENTAÇÃO","F","21","Negra","Angola","ENFERMAGEM","G","Presencial","Ceará","SELEÇÃO DE ESTUDANTES ESTRANGEIROS","2019","ATIVO"
"a0f9dd6ad7ed3ea3e5cb7750e587a1c4"," 2019205***","MORADIA F3","F","21","Negra","Angola","ENFERMAGEM","G","Presencial","Ceará","SELEÇÃO DE ESTUDANTES ESTRANGEIROS","2019","ATIVO"
"84fb60f727ee788958aecaa71f2bb55f"," 2019205***","ALIMENTAÇÃO","F","20","Negra","Angola","ENFERMAGEM","G","Presencial","Ceará","SELEÇÃO DE ESTUDANTES ESTRANGEIROS","2019","ATIVO"
"84fb60f727ee788958aecaa71f2bb55f"," 2019205***","MORADIA F3","F","20","Negra","Angola","ENFERMAGEM","G","Presencial","Ceará","SELEÇÃO DE ESTUDANTES ESTRANGEIROS","2019","ATIVO"
"137dc0fd331283bedf4672641b76b17a"," 2019205***","ALIMENTAÇÃO","F","25","Negra","Guiné Bissau","LETRAS - LÍNGUA PORTUGUESA","G","Presencial","Bahia","SELEÇÃO DE ESTUDANTES ESTRANGEIROS","2019","ATIVO"
"137dc0fd331283bedf4672641b76b17a"," 2019205***","MORADIA F3","F","25","Negra","Guiné Bissau","LETRAS - LÍNGUA PORTUGUESA","G","Presencial","Bahia","SELEÇÃO DE ESTUDANTES ESTRANGEIROS","2019","ATIVO"
"a455d84f691ce89cc8344d5d4e9a9228"," 2019205***","ALIMENTAÇÃO","M","31","Negra","Angola","HUMANIDADES","G","Presencial","Bahia","SELEÇÃO DE ESTUDANTES ESTRANGEIROS","2019","ATIVO"
"a455d84f691ce89cc8344d5d4e9a9228"," 2019205***","MORADIA F3","M","31","Negra","Angola","HUMANIDADES","G","Presencial","Bahia","SELEÇÃO DE ESTUDANTES ESTRANGEIROS","2019","ATIVO"
"12d189b1edfcd156687fd3de42638f15"," 2019205***","MORADIA F3","F","24","Negra","Guiné Bissau","HUMANIDADES","G","Presencial","Bahia","SELEÇÃO DE ESTUDANTES ESTRANGEIROS","2019","ATIVO"
"12d189b1edfcd156687fd3de42638f15"," 2019205***","ALIMENTAÇÃO","F","24","Negra","Guiné Bissau","HUMANIDADES","G","Presencial","Bahia","SELEÇÃO DE ESTUDANTES ESTRANGEIROS","2019","ATIVO"
"f0b24c071fea1c51a24fb6a38760afd9"," 2019205***","MORADIA F3","F","22","Negra","São Tomé e Príncipe","ENFERMAGEM","G","Presencial","Ceará","SELEÇÃO DE ESTUDANTES ESTRANGEIROS","2019","ATIVO"
"f0b24c071fea1c51a24fb6a38760afd9"," 2019205***","ALIMENTAÇÃO","F","22","Negra","São Tomé e Príncipe","ENFERMAGEM","G","Presencial","Ceará","SELEÇÃO DE ESTUDANTES ESTRANGEIROS","2019","ATIVO"
"aca8169e0226658d80129f7b7f611857"," 2019205***","MORADIA F3","F","22","Negra","Guiné Bissau","HUMANIDADES","G","Presencial","Bahia","SELEÇÃO DE ESTUDANTES ESTRANGEIROS","2019","ATIVO"
"aca8169e0226658d80129f7b7f611857"," 2019205***","ALIMENTAÇÃO","F","22","Negra","Guiné Bissau","HUMANIDADES","G","Presencial","Bahia","SELEÇÃO DE ESTUDANTES ESTRANGEIROS","2019","ATIVO"
"cdf09f83ab8452902b21f4fd82e0c346"," 2019205***","ALIMENTAÇÃO","M","23","Negra","Guiné Bissau","HUMANIDADES","G","Presencial","Bahia","SELEÇÃO DE ESTUDANTES ESTRANGEIROS","2019","ATIVO"
"cdf09f83ab8452902b21f4fd82e0c346"," 2019205***","MORADIA F3","M","23","Negra","Guiné Bissau","HUMANIDADES","G","Presencial","Bahia","SELEÇÃO DE ESTUDANTES ESTRANGEIROS","2019","ATIVO"
"55d0401903a8c8ad70f7b3658ec04889"," 2019205***","MORADIA F3","F","25","Negra","Guiné Bissau","ENFERMAGEM","G","Presencial","Ceará","SELEÇÃO DE ESTUDANTES ESTRANGEIROS","2019","ATIVO"
"55d0401903a8c8ad70f7b3658ec04889"," 2019205***","ALIMENTAÇÃO","F","25","Negra","Guiné Bissau","ENFERMAGEM","G","Presencial","Ceará","SELEÇÃO DE ESTUDANTES ESTRANGEIROS","2019","ATIVO"
"fee38d743005f1b9c12cc40cbc3f0dba"," 2019205***","ALIMENTAÇÃO","F","20","Negra","São Tomé e Príncipe","ENFERMAGEM","G","Presencial","Ceará","SELEÇÃO DE ESTUDANTES ESTRANGEIROS","2019","ATIVO"
"fee38d743005f1b9c12cc40cbc3f0dba"," 2019205***","MORADIA F3","F","20","Negra","São Tomé e Príncipe","ENFERMAGEM","G","Presencial","Ceará","SELEÇÃO DE ESTUDANTES ESTRANGEIROS","2019","ATIVO"
"8aaa0a76082e85088088e0d382e151bc"," 2019205***","MORADIA F3","M","23","Negra","São Tomé e Príncipe","ENFERMAGEM","G","Presencial","Ceará","SELEÇÃO DE ESTUDANTES ESTRANGEIROS","2019","ATIVO"
"8aaa0a76082e85088088e0d382e151bc"," 2019205***","ALIMENTAÇÃO","M","23","Negra","São Tomé e Príncipe","ENFERMAGEM","G","Presencial","Ceará","SELEÇÃO DE ESTUDANTES ESTRANGEIROS","2019","ATIVO"
"7a41af40cf5b10705444b4e13e62648a"," 2019205***","ALIMENTAÇÃO","M","27","Negra","Angola","HUMANIDADES","G","Presencial","Bahia","SELEÇÃO DE ESTUDANTES ESTRANGEIROS","2019","ATIVO"
"7a41af40cf5b10705444b4e13e62648a"," 2019205***","MORADIA F3","M","27","Negra","Angola","HUMANIDADES","G","Presencial","Bahia","SELEÇÃO DE ESTUDANTES ESTRANGEIROS","2019","ATIVO"
"647e838ddade2da56d9382b4c8fcecc0"," 2019205***","MORADIA F3","M","28","Negra","Angola","HUMANIDADES","G","Presencial","Bahia","SELEÇÃO DE ESTUDANTES ESTRANGEIROS","2019","ATIVO"
"647e838ddade2da56d9382b4c8fcecc0"," 2019205***","ALIMENTAÇÃO","M","28","Negra","Angola","HUMANIDADES","G","Presencial","Bahia","SELEÇÃO DE ESTUDANTES ESTRANGEIROS","2019","ATIVO"
"d6f554e487ebfd282c922d2ee3f117fb"," 2019205***","ALIMENTAÇÃO","M","21","Negra","Angola","HUMANIDADES","G","Presencial","Bahia","SELEÇÃO DE ESTUDANTES ESTRANGEIROS","2019","ATIVO"
"d6f554e487ebfd282c922d2ee3f117fb"," 2019205***","MORADIA F3","M","21","Negra","Angola","HUMANIDADES","G","Presencial","Bahia","SELEÇÃO DE ESTUDANTES ESTRANGEIROS","2019","ATIVO"
"35aab2fa660f44d6044071189b9dab08"," 2019205***","MORADIA F3","F","24","Negra","Guiné Bissau","FARMÁCIA","G","Presencial","Ceará","SELEÇÃO DE ESTUDANTES ESTRANGEIROS","2019","ATIVO"
"35aab2fa660f44d6044071189b9dab08"," 2019205***","ALIMENTAÇÃO","F","24","Negra","Guiné Bissau","FARMÁCIA","G","Presencial","Ceará","SELEÇÃO DE ESTUDANTES ESTRANGEIROS","2019","ATIVO"
"0d9f619ce68a594160f9586a59266808"," 2019205***","ALIMENTAÇÃO","F","20","Negra","Guiné Bissau","HUMANIDADES","G","Presencial","Bahia","SELEÇÃO DE ESTUDANTES ESTRANGEIROS","2019","ATIVO"
"0d9f619ce68a594160f9586a59266808"," 2019205***","MORADIA F3","F","20","Negra","Guiné Bissau","HUMANIDADES","G","Presencial","Bahia","SELEÇÃO DE ESTUDANTES ESTRANGEIROS","2019","ATIVO"
"b39ec5fed6b61f5bea4cc636cc97b8b7"," 2019205***","ALIMENTAÇÃO","F","32","Negra","Brasil","HUMANIDADES","G","Presencial","Bahia","SiSU","2019","ATIVO"
"b39ec5fed6b61f5bea4cc636cc97b8b7"," 2019205***","MORADIA F3","F","32","Negra","Brasil","HUMANIDADES","G","Presencial","Bahia","SiSU","2019","ATIVO"
"1b5621da3b812d1c5cdba505d6427b99"," 2019205***","ALIMENTAÇÃO","F","21","Negra","Angola","ENFERMAGEM","G","Presencial","Ceará","SELEÇÃO DE ESTUDANTES ESTRANGEIROS","2019","ATIVO"
"1b5621da3b812d1c5cdba505d6427b99"," 2019205***","MORADIA F3","F","21","Negra","Angola","ENFERMAGEM","G","Presencial","Ceará","SELEÇÃO DE ESTUDANTES ESTRANGEIROS","2019","ATIVO"
"a4b9b4d408ac5e83fad1d6a58b8c3360"," 2019205***","ALIMENTAÇÃO","F","20","Negra","Guiné Bissau","HUMANIDADES","G","Presencial","Ceará","SELEÇÃO DE ESTUDANTES ESTRANGEIROS","2019","ATIVO"
"a4b9b4d408ac5e83fad1d6a58b8c3360"," 2019205***","MORADIA F3","F","20","Negra","Guiné Bissau","HUMANIDADES","G","Presencial","Ceará","SELEÇÃO DE ESTUDANTES ESTRANGEIROS","2019","ATIVO"
"5fed1c7561ed879f54f3ab0224c4fdde"," 2019206***","ALIMENTAÇÃO","M","22","Negra","Angola","HUMANIDADES","G","Presencial","Ceará","SELEÇÃO DE ESTUDANTES ESTRANGEIROS","2019","ATIVO"
"5fed1c7561ed879f54f3ab0224c4fdde"," 2019206***","MORADIA F3","M","22","Negra","Angola","HUMANIDADES","G","Presencial","Ceará","SELEÇÃO DE ESTUDANTES ESTRANGEIROS","2019","ATIVO"
"702647c86cb3c842763d0fea09dab355"," 2019206***","MORADIA F3","F","33","Negra","Angola","HUMANIDADES","G","Presencial","Bahia","SELEÇÃO DE ESTUDANTES ESTRANGEIROS","2019","ATIVO"
"702647c86cb3c842763d0fea09dab355"," 2019206***","ALIMENTAÇÃO","F","33","Negra","Angola","HUMANIDADES","G","Presencial","Bahia","SELEÇÃO DE ESTUDANTES ESTRANGEIROS","2019","ATIVO"
"bb678420ea3df80339a3cab31f1babf3"," 2019206***","ALIMENTAÇÃO","M","26","Negra","Angola","HUMANIDADES","G","Presencial","Ceará","SELEÇÃO DE ESTUDANTES ESTRANGEIROS","2019","ATIVO"
"bb678420ea3df80339a3cab31f1babf3"," 2019206***","MORADIA F3","M","26","Negra","Angola","HUMANIDADES","G","Presencial","Ceará","SELEÇÃO DE ESTUDANTES ESTRANGEIROS","2019","ATIVO"
"589df5995d9d6124dc284d143f29fd6c"," 2019206***","MORADIA F3","M","31","Negra","Guiné Bissau","HUMANIDADES","G","Presencial","Ceará","SELEÇÃO DE ESTUDANTES ESTRANGEIROS","2019","ATIVO"
"589df5995d9d6124dc284d143f29fd6c"," 2019206***","ALIMENTAÇÃO","M","31","Negra","Guiné Bissau","HUMANIDADES","G","Presencial","Ceará","SELEÇÃO DE ESTUDANTES ESTRANGEIROS","2019","ATIVO"
"0f0107744ea60ab8e003e3b589024f0b"," 2019206***","MORADIA F3","F","22","Negra","Angola","HUMANIDADES","G","Presencial","Ceará","SELEÇÃO DE ESTUDANTES ESTRANGEIROS","2019","ATIVO"
"0f0107744ea60ab8e003e3b589024f0b"," 2019206***","ALIMENTAÇÃO","F","22","Negra","Angola","HUMANIDADES","G","Presencial","Ceará","SELEÇÃO DE ESTUDANTES ESTRANGEIROS","2019","ATIVO"
"30184ea463063c14301df74f46a7c686"," 2019206***","ALIMENTAÇÃO","M","25","Negra","Guiné Bissau","HUMANIDADES","G","Presencial","Ceará","SELEÇÃO DE ESTUDANTES ESTRANGEIROS","2019","ATIVO"
"30184ea463063c14301df74f46a7c686"," 2019206***","MORADIA F3","M","25","Negra","Guiné Bissau","HUMANIDADES","G","Presencial","Ceará","SELEÇÃO DE ESTUDANTES ESTRANGEIROS","2019","ATIVO"
"68a5fb37ead616fecd2ac7cd9a776cb0"," 2019206***","MORADIA F3","F","19","Negra","Moçambique","HUMANIDADES","G","Presencial","Ceará","SELEÇÃO DE ESTUDANTES ESTRANGEIROS","2019","ATIVO"
"68a5fb37ead616fecd2ac7cd9a776cb0"," 2019206***","ALIMENTAÇÃO","F","19","Negra","Moçambique","HUMANIDADES","G","Presencial","Ceará","SELEÇÃO DE ESTUDANTES ESTRANGEIROS","2019","ATIVO"
"184cb128920cf76d04474b1c8ed6f0fe"," 2019206***","MORADIA F3","F","20","Negra","Angola","HUMANIDADES","G","Presencial","Ceará","SELEÇÃO DE ESTUDANTES ESTRANGEIROS","2019","ATIVO"
"184cb128920cf76d04474b1c8ed6f0fe"," 2019206***","ALIMENTAÇÃO","F","20","Negra","Angola","HUMANIDADES","G","Presencial","Ceará","SELEÇÃO DE ESTUDANTES ESTRANGEIROS","2019","ATIVO"
"0105319bcdf24953642043011a347375"," 2019206***","MORADIA F3","M","28","Negra","Guiné Bissau","HUMANIDADES","G","Presencial","Ceará","SELEÇÃO DE ESTUDANTES ESTRANGEIROS","2019","ATIVO"
"0105319bcdf24953642043011a347375"," 2019206***","ALIMENTAÇÃO","M","28","Negra","Guiné Bissau","HUMANIDADES","G","Presencial","Ceará","SELEÇÃO DE ESTUDANTES ESTRANGEIROS","2019","ATIVO"
"3e28829dfa93947eb18cb01002428af3"," 2019206***","MORADIA F3","M","26","Negra","Guiné Bissau","HUMANIDADES","G","Presencial","Ceará","SELEÇÃO DE ESTUDANTES ESTRANGEIROS","2019","ATIVO"
"3e28829dfa93947eb18cb01002428af3"," 2019206***","ALIMENTAÇÃO","M","26","Negra","Guiné Bissau","HUMANIDADES","G","Presencial","Ceará","SELEÇÃO DE ESTUDANTES ESTRANGEIROS","2019","ATIVO"
"0d4e6dcebb41c98149f6b11d82837bc4"," 2019206***","ALIMENTAÇÃO","F","21","Negra","Angola","HUMANIDADES","G","Presencial","Ceará","SELEÇÃO DE ESTUDANTES ESTRANGEIROS","2019","ATIVO"
"0d4e6dcebb41c98149f6b11d82837bc4"," 2019206***","MORADIA F3","F","21","Negra","Angola","HUMANIDADES","G","Presencial","Ceará","SELEÇÃO DE ESTUDANTES ESTRANGEIROS","2019","ATIVO"
"df2154c7746ecfbab1fe3b4ba051cedb"," 2019206***","MORADIA F3","M","26","Negra","Guiné Bissau","HUMANIDADES","G","Presencial","Ceará","SELEÇÃO DE ESTUDANTES ESTRANGEIROS","2019","ATIVO"
"df2154c7746ecfbab1fe3b4ba051cedb"," 2019206***","ALIMENTAÇÃO","M","26","Negra","Guiné Bissau","HUMANIDADES","G","Presencial","Ceará","SELEÇÃO DE ESTUDANTES ESTRANGEIROS","2019","ATIVO"
"00661882327686b9884bf0a604a7d4d6"," 2019206***","ALIMENTAÇÃO","M","28","Negra","Guiné Bissau","HUMANIDADES","G","Presencial","Ceará","SELEÇÃO DE ESTUDANTES ESTRANGEIROS","2019","ATIVO"
"00661882327686b9884bf0a604a7d4d6"," 2019206***","MORADIA F3","M","28","Negra","Guiné Bissau","HUMANIDADES","G","Presencial","Ceará","SELEÇÃO DE ESTUDANTES ESTRANGEIROS","2019","ATIVO"
"21dea81643d7893063b246a791e3951e"," 2019206***","MORADIA F3","M","23","Negra","Moçambique","HUMANIDADES","G","Presencial","Ceará","SELEÇÃO DE ESTUDANTES ESTRANGEIROS","2019","ATIVO"
"21dea81643d7893063b246a791e3951e"," 2019206***","ALIMENTAÇÃO","M","23","Negra","Moçambique","HUMANIDADES","G","Presencial","Ceará","SELEÇÃO DE ESTUDANTES ESTRANGEIROS","2019","ATIVO"
"85d4397fa2551d4575840d48518e9762"," 2019206***","ALIMENTAÇÃO","F","21","Negra","Guiné Bissau","HUMANIDADES","G","Presencial","Bahia","SELEÇÃO DE ESTUDANTES ESTRANGEIROS","2019","ATIVO"
"85d4397fa2551d4575840d48518e9762"," 2019206***","MORADIA F3","F","21","Negra","Guiné Bissau","HUMANIDADES","G","Presencial","Bahia","SELEÇÃO DE ESTUDANTES ESTRANGEIROS","2019","ATIVO"
"3f243c6f0e61dc59410091d754c9a23e"," 2019206***","MORADIA F3","F","21","Negra","Guiné Bissau","HUMANIDADES","G","Presencial","Bahia","SELEÇÃO DE ESTUDANTES ESTRANGEIROS","2019","ATIVO"
"3f243c6f0e61dc59410091d754c9a23e"," 2019206***","ALIMENTAÇÃO","F","21","Negra","Guiné Bissau","HUMANIDADES","G","Presencial","Bahia","SELEÇÃO DE ESTUDANTES ESTRANGEIROS","2019","ATIVO"
"81ddca93a39f41d9bb0239b559ab2eb4"," 2019206***","MORADIA F3","F","25","Negra","Guiné Bissau","HUMANIDADES","G","Presencial","Ceará","SELEÇÃO DE ESTUDANTES ESTRANGEIROS","2019","ATIVO"
"81ddca93a39f41d9bb0239b559ab2eb4"," 2019206***","ALIMENTAÇÃO","F","25","Negra","Guiné Bissau","HUMANIDADES","G","Presencial","Ceará","SELEÇÃO DE ESTUDANTES ESTRANGEIROS","2019","ATIVO"
"e2b58469cb2e6090a29393a54e81462d"," 2019206***","MORADIA F3","F","24","Negra","Angola","HUMANIDADES","G","Presencial","Ceará","SELEÇÃO DE ESTUDANTES ESTRANGEIROS","2019","ATIVO"
"e2b58469cb2e6090a29393a54e81462d"," 2019206***","ALIMENTAÇÃO","F","24","Negra","Angola","HUMANIDADES","G","Presencial","Ceará","SELEÇÃO DE ESTUDANTES ESTRANGEIROS","2019","ATIVO"
"82770b08da3e75277a9313b4eb116b8f"," 2019206***","MORADIA F3","M","23","Negra","Moçambique","HUMANIDADES","G","Presencial","Ceará","SELEÇÃO DE ESTUDANTES ESTRANGEIROS","2019","ATIVO"
"82770b08da3e75277a9313b4eb116b8f"," 2019206***","ALIMENTAÇÃO","M","23","Negra","Moçambique","HUMANIDADES","G","Presencial","Ceará","SELEÇÃO DE ESTUDANTES ESTRANGEIROS","2019","ATIVO"
"5e58bd1155868dec120be95442025390"," 2019206***","ALIMENTAÇÃO","M","24","Negra","Angola","HUMANIDADES","G","Presencial","Ceará","SELEÇÃO DE ESTUDANTES ESTRANGEIROS","2019","ATIVO"
"5e58bd1155868dec120be95442025390"," 2019206***","MORADIA F3","M","24","Negra","Angola","HUMANIDADES","G","Presencial","Ceará","SELEÇÃO DE ESTUDANTES ESTRANGEIROS","2019","ATIVO"
"d554a08b6024eb988a586d8f20d126ff"," 2019206***","ALIMENTAÇÃO","M","21","Negra","Angola","HUMANIDADES","G","Presencial","Ceará","SELEÇÃO DE ESTUDANTES ESTRANGEIROS","2019","ATIVO"
"d554a08b6024eb988a586d8f20d126ff"," 2019206***","MORADIA F3","M","21","Negra","Angola","HUMANIDADES","G","Presencial","Ceará","SELEÇÃO DE ESTUDANTES ESTRANGEIROS","2019","ATIVO"
"3276a374680a4d3bfa19a94c09121307"," 2019206***","ALIMENTAÇÃO","F","25","Negra","Guiné Bissau","HUMANIDADES","G","Presencial","Ceará","SELEÇÃO DE ESTUDANTES ESTRANGEIROS","2019","ATIVO"
"3276a374680a4d3bfa19a94c09121307"," 2019206***","MORADIA F3","F","25","Negra","Guiné Bissau","HUMANIDADES","G","Presencial","Ceará","SELEÇÃO DE ESTUDANTES ESTRANGEIROS","2019","ATIVO"
"9febd6e453032c8760c51dacb4dea8d5"," 2019206***","MORADIA F3","F","21","Negra","Guiné Bissau","FARMÁCIA","G","Presencial","Ceará","SELEÇÃO DE ESTUDANTES ESTRANGEIROS","2019","ATIVO"
"9febd6e453032c8760c51dacb4dea8d5"," 2019206***","ALIMENTAÇÃO","F","21","Negra","Guiné Bissau","FARMÁCIA","G","Presencial","Ceará","SELEÇÃO DE ESTUDANTES ESTRANGEIROS","2019","ATIVO"
"e6e9376b95ca3d5aa18e5d0517e48bb7"," 2019206***","MORADIA F3","F","21","Negra","Guiné Bissau","HUMANIDADES","G","Presencial","Ceará","SELEÇÃO DE ESTUDANTES ESTRANGEIROS","2019","ATIVO"
"e6e9376b95ca3d5aa18e5d0517e48bb7"," 2019206***","ALIMENTAÇÃO","F","21","Negra","Guiné Bissau","HUMANIDADES","G","Presencial","Ceará","SELEÇÃO DE ESTUDANTES ESTRANGEIROS","2019","ATIVO"
"e2c934a3c1097e610876873210e96ea9"," 2019206***","ALIMENTAÇÃO","F","21","Negra","Guiné Bissau","HUMANIDADES","G","Presencial","Ceará","SELEÇÃO DE ESTUDANTES ESTRANGEIROS","2019","ATIVO"
"e2c934a3c1097e610876873210e96ea9"," 2019206***","MORADIA F3","F","21","Negra","Guiné Bissau","HUMANIDADES","G","Presencial","Ceará","SELEÇÃO DE ESTUDANTES ESTRANGEIROS","2019","ATIVO"
"790cede33860250675218389f9943770"," 2019206***","MORADIA F3","M","25","Negra","Guiné Bissau","LETRAS - LÍNGUA PORTUGUESA","G","Presencial","Bahia","SELEÇÃO DE ESTUDANTES ESTRANGEIROS","2019","ATIVO"
"790cede33860250675218389f9943770"," 2019206***","ALIMENTAÇÃO","M","25","Negra","Guiné Bissau","LETRAS - LÍNGUA PORTUGUESA","G","Presencial","Bahia","SELEÇÃO DE ESTUDANTES ESTRANGEIROS","2019","ATIVO"
"49e72629c3eb36eac804fff9795e9237"," 2019206***","MORADIA F3","F","24","Negra","Guiné Bissau","HUMANIDADES","G","Presencial","Bahia","SELEÇÃO DE ESTUDANTES ESTRANGEIROS","2019","ATIVO"
"49e72629c3eb36eac804fff9795e9237"," 2019206***","ALIMENTAÇÃO","F","24","Negra","Guiné Bissau","HUMANIDADES","G","Presencial","Bahia","SELEÇÃO DE ESTUDANTES ESTRANGEIROS","2019","ATIVO"
"560f2bca7edc6bf6a3e4a6cd8f302e2b"," 2019206***","ALIMENTAÇÃO","M","24","Negra","Angola","ADMINISTRAÇÃO PÚBLICA - SEMESTRAL","G","Presencial","Ceará","SELEÇÃO DE ESTUDANTES ESTRANGEIROS","2019","ATIVO"
"560f2bca7edc6bf6a3e4a6cd8f302e2b"," 2019206***","MORADIA F3","M","24","Negra","Angola","ADMINISTRAÇÃO PÚBLICA - SEMESTRAL","G","Presencial","Ceará","SELEÇÃO DE ESTUDANTES ESTRANGEIROS","2019","ATIVO"
"0503336fae27ddb2f4eeb494a9c3b762"," 2019206***","ALIMENTAÇÃO","M","21","Negra","Moçambique","ADMINISTRAÇÃO PÚBLICA - SEMESTRAL","G","Presencial","Ceará","SELEÇÃO DE ESTUDANTES ESTRANGEIROS","2019","ATIVO"
"0503336fae27ddb2f4eeb494a9c3b762"," 2019206***","MORADIA F3","M","21","Negra","Moçambique","ADMINISTRAÇÃO PÚBLICA - SEMESTRAL","G","Presencial","Ceará","SELEÇÃO DE ESTUDANTES ESTRANGEIROS","2019","ATIVO"
"df641bd04be55816e240e8f6867a4ff2"," 2019206***","MORADIA F3","M","27","Negra","Guiné Bissau","ADMINISTRAÇÃO PÚBLICA - SEMESTRAL","G","Presencial","Ceará","SELEÇÃO DE ESTUDANTES ESTRANGEIROS","2019","ATIVO"
"df641bd04be55816e240e8f6867a4ff2"," 2019206***","ALIMENTAÇÃO","M","27","Negra","Guiné Bissau","ADMINISTRAÇÃO PÚBLICA - SEMESTRAL","G","Presencial","Ceará","SELEÇÃO DE ESTUDANTES ESTRANGEIROS","2019","ATIVO"
"994edcdb6ee644a72b60c623d26a6270"," 2019206***","MORADIA F3","M","26","Negra","Guiné Bissau","ADMINISTRAÇÃO PÚBLICA - SEMESTRAL","G","Presencial","Ceará","SELEÇÃO DE ESTUDANTES ESTRANGEIROS","2019","ATIVO"
"994edcdb6ee644a72b60c623d26a6270"," 2019206***","ALIMENTAÇÃO","M","26","Negra","Guiné Bissau","ADMINISTRAÇÃO PÚBLICA - SEMESTRAL","G","Presencial","Ceará","SELEÇÃO DE ESTUDANTES ESTRANGEIROS","2019","ATIVO"
"c26e2af5db856d02a9681a3e777d51e3"," 2019206***","MORADIA F3","M","30","Negra","Moçambique","ADMINISTRAÇÃO PÚBLICA - SEMESTRAL","G","Presencial","Ceará","SELEÇÃO DE ESTUDANTES ESTRANGEIROS","2019","ATIVO"
"c26e2af5db856d02a9681a3e777d51e3"," 2019206***","ALIMENTAÇÃO","M","30","Negra","Moçambique","ADMINISTRAÇÃO PÚBLICA - SEMESTRAL","G","Presencial","Ceará","SELEÇÃO DE ESTUDANTES ESTRANGEIROS","2019","ATIVO"
"5386f82cc79537042b7f23428b60c037"," 2019206***","MORADIA F3","F","21","Negra","Angola","ADMINISTRAÇÃO PÚBLICA - SEMESTRAL","G","Presencial","Ceará","SELEÇÃO DE ESTUDANTES ESTRANGEIROS","2019","ATIVO"
"5386f82cc79537042b7f23428b60c037"," 2019206***","ALIMENTAÇÃO","F","21","Negra","Angola","ADMINISTRAÇÃO PÚBLICA - SEMESTRAL","G","Presencial","Ceará","SELEÇÃO DE ESTUDANTES ESTRANGEIROS","2019","ATIVO"
"52500cae7bf4488941e1dd007d413fde"," 2019206***","ALIMENTAÇÃO","F","24","Negra","Angola","ADMINISTRAÇÃO PÚBLICA - SEMESTRAL","G","Presencial","Ceará","SELEÇÃO DE ESTUDANTES ESTRANGEIROS","2019","ATIVO"
"52500cae7bf4488941e1dd007d413fde"," 2019206***","MORADIA F3","F","24","Negra","Angola","ADMINISTRAÇÃO PÚBLICA - SEMESTRAL","G","Presencial","Ceará","SELEÇÃO DE ESTUDANTES ESTRANGEIROS","2019","ATIVO"
"5466bcb8253210dfd1cf885855167990"," 2019206***","MORADIA F3","F","24","Negra","Angola","ADMINISTRAÇÃO PÚBLICA - SEMESTRAL","G","Presencial","Ceará","SELEÇÃO DE ESTUDANTES ESTRANGEIROS","2019","ATIVO"
"5466bcb8253210dfd1cf885855167990"," 2019206***","ALIMENTAÇÃO","F","24","Negra","Angola","ADMINISTRAÇÃO PÚBLICA - SEMESTRAL","G","Presencial","Ceará","SELEÇÃO DE ESTUDANTES ESTRANGEIROS","2019","ATIVO"
"48d17bf27b029f85f5a779aa494505df"," 2019206***","ALIMENTAÇÃO","M","22","Negra","Guiné Bissau","ADMINISTRAÇÃO PÚBLICA - SEMESTRAL","G","Presencial","Ceará","SELEÇÃO DE ESTUDANTES ESTRANGEIROS","2019","ATIVO"
"48d17bf27b029f85f5a779aa494505df"," 2019206***","MORADIA F3","M","22","Negra","Guiné Bissau","ADMINISTRAÇÃO PÚBLICA - SEMESTRAL","G","Presencial","Ceará","SELEÇÃO DE ESTUDANTES ESTRANGEIROS","2019","ATIVO"
"58975d4f3c6ba87fe13f696825b28c94"," 2019206***","MORADIA F3","M","22","Negra","Guiné Bissau","ADMINISTRAÇÃO PÚBLICA - SEMESTRAL","G","Presencial","Ceará","SELEÇÃO DE ESTUDANTES ESTRANGEIROS","2019","ATIVO"
"58975d4f3c6ba87fe13f696825b28c94"," 2019206***","ALIMENTAÇÃO","M","22","Negra","Guiné Bissau","ADMINISTRAÇÃO PÚBLICA - SEMESTRAL","G","Presencial","Ceará","SELEÇÃO DE ESTUDANTES ESTRANGEIROS","2019","ATIVO"
"1bfe06b392c66ff0fe29eaf0550fc26b"," 2019206***","ALIMENTAÇÃO","F","20","Negra","Moçambique","ADMINISTRAÇÃO PÚBLICA - SEMESTRAL","G","Presencial","Ceará","SELEÇÃO DE ESTUDANTES ESTRANGEIROS","2019","ATIVO"
"1bfe06b392c66ff0fe29eaf0550fc26b"," 2019206***","MORADIA F3","F","20","Negra","Moçambique","ADMINISTRAÇÃO PÚBLICA - SEMESTRAL","G","Presencial","Ceará","SELEÇÃO DE ESTUDANTES ESTRANGEIROS","2019","ATIVO"
"76e77c1964caefdf8b694021f1850003"," 2019206***","MORADIA F3","M","24","Negra","Angola","LETRAS -  LÍNGUA PORTUGUESA","G","Presencial","Ceará","SELEÇÃO DE ESTUDANTES ESTRANGEIROS","2019","ATIVO"
"76e77c1964caefdf8b694021f1850003"," 2019206***","ALIMENTAÇÃO","M","24","Negra","Angola","LETRAS -  LÍNGUA PORTUGUESA","G","Presencial","Ceará","SELEÇÃO DE ESTUDANTES ESTRANGEIROS","2019","ATIVO"
"29ebe6da668d28ed26902ed88e9c33c0"," 2019206***","MORADIA F3","M","26","Negra","Angola","LETRAS - LÍNGUA INGLESA","G","Presencial","Ceará","SELEÇÃO DE ESTUDANTES ESTRANGEIROS","2019","ATIVO"
"29ebe6da668d28ed26902ed88e9c33c0"," 2019206***","ALIMENTAÇÃO","M","26","Negra","Angola","LETRAS - LÍNGUA INGLESA","G","Presencial","Ceará","SELEÇÃO DE ESTUDANTES ESTRANGEIROS","2019","ATIVO"
"a3a190fbf8b2dcdfd24d2b24a7c7ed52"," 2019206***","MORADIA F3","M","21","Negra","Guiné Bissau","LETRAS - LÍNGUA INGLESA","G","Presencial","Ceará","SELEÇÃO DE ESTUDANTES ESTRANGEIROS","2019","ATIVO"
"a3a190fbf8b2dcdfd24d2b24a7c7ed52"," 2019206***","ALIMENTAÇÃO","M","21","Negra","Guiné Bissau","LETRAS - LÍNGUA INGLESA","G","Presencial","Ceará","SELEÇÃO DE ESTUDANTES ESTRANGEIROS","2019","ATIVO"
"147e4009c46c2cafdecd99f36a540982"," 2019206***","MORADIA F3","M","23","Negra","Guiné Bissau","LETRAS - LÍNGUA INGLESA","G","Presencial","Ceará","SELEÇÃO DE ESTUDANTES ESTRANGEIROS","2019","ATIVO"
"147e4009c46c2cafdecd99f36a540982"," 2019206***","ALIMENTAÇÃO","M","23","Negra","Guiné Bissau","LETRAS - LÍNGUA INGLESA","G","Presencial","Ceará","SELEÇÃO DE ESTUDANTES ESTRANGEIROS","2019","ATIVO"
"f99c88da7550ccfc5ffd485e50064b44"," 2019206***","ALIMENTAÇÃO","M","28","Negra","Guiné Bissau","LETRAS - LÍNGUA INGLESA","G","Presencial","Ceará","SELEÇÃO DE ESTUDANTES ESTRANGEIROS","2019","ATIVO"
"f99c88da7550ccfc5ffd485e50064b44"," 2019206***","MORADIA F3","M","28","Negra","Guiné Bissau","LETRAS - LÍNGUA INGLESA","G","Presencial","Ceará","SELEÇÃO DE ESTUDANTES ESTRANGEIROS","2019","ATIVO"
"4517968b8fda7ae30965ad4115a9b9cd"," 2019206***","MORADIA F3","M","25","Negra","Angola","LETRAS - LÍNGUA INGLESA","G","Presencial","Ceará","SELEÇÃO DE ESTUDANTES ESTRANGEIROS","2019","ATIVO"
"4517968b8fda7ae30965ad4115a9b9cd"," 2019206***","ALIMENTAÇÃO","M","25","Negra","Angola","LETRAS - LÍNGUA INGLESA","G","Presencial","Ceará","SELEÇÃO DE ESTUDANTES ESTRANGEIROS","2019","ATIVO"
"32ea709f62f1425e27ff34efdef6fc93"," 2019206***","ALIMENTAÇÃO","M","25","Negra","Guiné Bissau","LETRAS -  LÍNGUA PORTUGUESA","G","Presencial","Ceará","SELEÇÃO DE ESTUDANTES ESTRANGEIROS","2019","ATIVO"
"32ea709f62f1425e27ff34efdef6fc93"," 2019206***","MORADIA F3","M","25","Negra","Guiné Bissau","LETRAS -  LÍNGUA PORTUGUESA","G","Presencial","Ceará","SELEÇÃO DE ESTUDANTES ESTRANGEIROS","2019","ATIVO"
"511da995f6b1a9e57ff78911114107c8"," 2019206***","ALIMENTAÇÃO","M","23","Negra","Guiné Bissau","LETRAS -  LÍNGUA PORTUGUESA","G","Presencial","Ceará","SELEÇÃO DE ESTUDANTES ESTRANGEIROS","2019","ATIVO"
"511da995f6b1a9e57ff78911114107c8"," 2019206***","MORADIA F3","M","23","Negra","Guiné Bissau","LETRAS -  LÍNGUA PORTUGUESA","G","Presencial","Ceará","SELEÇÃO DE ESTUDANTES ESTRANGEIROS","2019","ATIVO"
"0b6761a8e1d58c1187a678009a492f45"," 2019206***","ALIMENTAÇÃO","M","24","Negra","Guiné Bissau","LETRAS -  LÍNGUA PORTUGUESA","G","Presencial","Ceará","SELEÇÃO DE ESTUDANTES ESTRANGEIROS","2019","ATIVO"
"0b6761a8e1d58c1187a678009a492f45"," 2019206***","MORADIA F3","M","24","Negra","Guiné Bissau","LETRAS -  LÍNGUA PORTUGUESA","G","Presencial","Ceará","SELEÇÃO DE ESTUDANTES ESTRANGEIROS","2019","ATIVO"
"e474e8815ff0deec8dad2e0efdc6e61b"," 2019206***","MORADIA F3","F","20","Negra","Guiné Bissau","ENFERMAGEM","G","Presencial","Ceará","SELEÇÃO DE ESTUDANTES ESTRANGEIROS","2019","ATIVO"
"e474e8815ff0deec8dad2e0efdc6e61b"," 2019206***","ALIMENTAÇÃO","F","20","Negra","Guiné Bissau","ENFERMAGEM","G","Presencial","Ceará","SELEÇÃO DE ESTUDANTES ESTRANGEIROS","2019","ATIVO"
"32663ebe9c82965f31aa1db3ee01ecee"," 2019206***","MORADIA F3","M","28","Negra","Angola","LETRAS - LÍNGUA INGLESA","G","Presencial","Ceará","SELEÇÃO DE ESTUDANTES ESTRANGEIROS","2019","ATIVO"
"32663ebe9c82965f31aa1db3ee01ecee"," 2019206***","ALIMENTAÇÃO","M","28","Negra","Angola","LETRAS - LÍNGUA INGLESA","G","Presencial","Ceará","SELEÇÃO DE ESTUDANTES ESTRANGEIROS","2019","ATIVO"
"9e85fdbf535d4fc4aa3a39cb3fba4e74"," 2020100***","MORADIA F3","F","25","Negra","Guiné Bissau","PEDAGOGIA","G","Presencial","Ceará","REINGRESSO SEGUNDO CICLO","2020","ATIVO"
"9e85fdbf535d4fc4aa3a39cb3fba4e74"," 2020100***","ALIMENTAÇÃO","F","25","Negra","Guiné Bissau","PEDAGOGIA","G","Presencial","Ceará","REINGRESSO SEGUNDO CICLO","2020","ATIVO"
"828768ca25018698e96557fa7524c7ec"," 2020100***","MORADIA F3","M","27","Negra","Guiné Bissau","SOCIOLOGIA","G","Presencial","Ceará","REINGRESSO SEGUNDO CICLO","2020","ATIVO"
"828768ca25018698e96557fa7524c7ec"," 2020100***","ALIMENTAÇÃO","M","27","Negra","Guiné Bissau","SOCIOLOGIA","G","Presencial","Ceará","REINGRESSO SEGUNDO CICLO","2020","ATIVO"
"5f2b813ed69101f9748729dde8f85733"," 2020100***","MORADIA F3","M","24","Negra","Guiné Bissau","SOCIOLOGIA","G","Presencial","Ceará","REINGRESSO SEGUNDO CICLO","2020","ATIVO"
"5f2b813ed69101f9748729dde8f85733"," 2020100***","ALIMENTAÇÃO","M","24","Negra","Guiné Bissau","SOCIOLOGIA","G","Presencial","Ceará","REINGRESSO SEGUNDO CICLO","2020","ATIVO"
"19275e4d57c6733ec88ecdabac2917c2"," 2020100***","MORADIA F3","M","21","Negra","Guiné Bissau","SOCIOLOGIA","G","Presencial","Ceará","REINGRESSO SEGUNDO CICLO","2020","ATIVO"
"19275e4d57c6733ec88ecdabac2917c2"," 2020100***","ALIMENTAÇÃO","M","21","Negra","Guiné Bissau","SOCIOLOGIA","G","Presencial","Ceará","REINGRESSO SEGUNDO CICLO","2020","ATIVO"
